sampleID	Seq2	input	filtered	percentage of input passed filter	denoised	non-chimeric	percentage of input non-chimeric	Project	keep
lane1-s001-index--CGAGAGTT-ACGACGTG-NTAu0524	NTAu0524	22433	17469	77.87	16941	16919	75.42	KByT	keep
lane1-s002-index--GACATAGT-ATCGTACG-NRAu0525	NRAu0525	29002	23676	81.64	22887	22657	78.12	KByT	keep
lane1-s003-index--GACATAGT-CTACTATA-NBAu0526	NBAu0526	27093	22496	83.03	21649	21047	77.68	KByT	keep
lane1-s004-index--GACATAGT-ACGACGTG-HPAu0527	HPAu0527	19262	15826	82.16	15220	15176	78.79	KByT	keep
lane1-s005-index--ACGCTACT-CTACTATA-CBAu0529	CBAu0529	32170	26150	81.29	25278	25067	77.92	KByT	keep
lane1-s006-index--CGAGAGTT-CGTTACTA-NRAu0545	NRAu0545	22619	17918	79.22	17120	17001	75.16	KByT	keep
lane1-s007-index--CGAGAGTT-ATATACAC-NBAu0546	NBAu0546	25510	20779	81.45	20113	19879	77.93	KByT	keep
lane1-s008-index--GACATAGT-ACTATCTG-HPAu0547	HPAu0547	21419	17995	84.01	17261	16987	79.31	KByT	keep
lane1-s009-index--GACATAGT-CGTTACTA-ARAu0548	ARAu0548	15041	12327	81.96	11631	11560	76.86	KByT	keep
lane1-s010-index--GACATAGT-ATATACAC-CBAu0549	CBAu0549	15358	13088	85.22	12390	12105	78.82	KByT	keep
lane1-s011-index--ACGCTACT-CGTTACTA-SBAu0551	SBAu0551	25627	20636	80.52	20100	20035	78.18	KByT	keep
lane1-s012-index--ACGCTACT-ATATACAC-R2Oc0562	R2Oc0562	27597	22968	83.23	22249	21914	79.41	KByT	keep
lane1-s013-index--ACTCACTG-CGTTACTA-NTOc0564	NTOc0564	43538	35915	82.49	34748	32552	74.77	KByT	keep
lane1-s014-index--CGAGAGTT-AGAGTCAC-HPOc0567	HPOc0567	23561	18477	78.42	17775	17166	72.86	KByT	keep
lane1-s015-index--CGAGAGTT-CGTCGCTA-AROc0568	AROc0568	23565	18969	80.5	18135	18045	76.58	KByT	keep
lane1-s016-index--GACATAGT-TAGCGAGT-CBOc0569	CBOc0569	24797	20193	81.43	19341	19000	76.62	KByT	keep
lane1-s017-index--GACATAGT-CGTCGCTA-SBOc0571	SBOc0571	19076	15822	82.94	15235	15214	79.75	KByT	keep
lane1-s018-index--ACGCTACT-CGTCGCTA-negP1C09	negP1C09	217	95	43.78	43	43	19.82	neg	discard
lane1-s019-index--ACTCACTG-TAGCGAGT-negP1C10	negP1C10	415	160	38.55	85	85	20.48	neg	discard
lane1-s020-index--ACTCACTG-CGTCGCTA-HPDe0587	HPDe0587	32539	26193	80.5	25139	24350	74.83	KByT	keep
lane1-s021-index--CGAGAGTT-CTGCGTGT-ARDe0588	ARDe0588	27151	21297	78.44	20269	20122	74.11	KByT	keep
lane1-s022-index--CGAGAGTT-TACGAGAC-CBDe0589	CBDe0589	46998	37077	78.89	35914	34511	73.43	KByT	keep
lane1-s023-index--CGAGAGTT-CTAGAGCT-R8De0590	R8De0590	25108	20074	79.95	19212	19054	75.89	KByT	keep
lane1-s024-index--GACATAGT-CTGCGTGT-SBDe0591	SBDe0591	20658	17035	82.46	16410	16204	78.44	KByT	keep
lane1-s025-index--GACATAGT-TACGAGAC-R2Ja0602	R2Ja0602	30184	23787	78.81	22636	22048	73.05	KByT	keep
lane1-s026-index--ACGCTACT-CTGCGTGT-NTJa0604	NTJa0604	50738	41669	82.13	40373	38974	76.81	KByT	keep
lane1-s027-index--ACGCTACT-CTAGAGCT-negP1D09	negP1D09	148	98	66.22	49	49	33.11	neg	discard
lane1-s028-index--ACTCACTG-CTGCGTGT-negP1D10	negP1D10	391	170	43.48	101	101	25.83	neg	discard
lane1-s029-index--ACTCACTG-TACGAGAC-ARJa0608	ARJa0608	55581	44599	80.24	43148	42645	76.73	KByT	keep
lane1-s030-index--CGAGAGTT-TCATCGAG-R8Ja0610	R8Ja0610	27419	22332	81.45	21462	21373	77.95	KByT	keep
lane1-s031-index--CGAGAGTT-ACGTCTCG-SBJa0611	SBJa0611	33937	27480	80.97	26593	25968	76.52	KByT	keep
lane1-s032-index--CGAGAGTT-GCTCTAGT-R2Ma0622	R2Ma0622	27478	21769	79.22	20590	20224	73.6	KByT	keep
lane1-s033-index--GACATAGT-TCATCGAG-STMa0623	STMa0623	17635	14768	83.74	14047	14011	79.45	KByT	keep
lane1-s034-index--GACATAGT-ACGTCTCG-NTMa0624	NTMa0624	22883	19081	83.39	18088	17684	77.28	KByT	keep
lane1-s035-index--GACATAGT-GCTCTAGT-NRMa0625	NRMa0625	20591	16925	82.2	15954	15913	77.28	KByT	keep
lane1-s036-index--ACGCTACT-TCATCGAG-negP1E07	negP1E07	90	44	48.89	15	15	16.67	neg	discard
lane1-s037-index--ACGCTACT-GCTCTAGT-HPMa0627	HPMa0627	48400	38833	80.23	37712	37169	76.8	KByT	keep
lane1-s038-index--ACTCACTG-ACGTCTCG-CBMa0629	CBMa0629	43001	34618	80.51	33469	32067	74.57	KByT	keep
lane1-s039-index--ACTCACTG-GCTCTAGT-R8Ma0630	R8Ma0630	53721	43490	80.96	42195	40865	76.07	KByT	keep
lane1-s040-index--CGAGAGTT-TCGACGAG-R2My0642	R2My0642	25222	20091	79.66	19222	18862	74.78	KByT	keep
lane1-s041-index--CGAGAGTT-GACACTGA-STMy0643	STMy0643	28047	22526	80.32	21671	21279	75.87	KByT	keep
lane1-s042-index--GACATAGT-CGTGAGTG-NTMy0644	NTMy0644	21292	17558	82.46	16832	16566	77.8	KByT	keep
lane1-s043-index--GACATAGT-TCGACGAG-NRMy0645	NRMy0645	19005	15596	82.06	15014	15014	79	KByT	keep
lane1-s044-index--GACATAGT-GACACTGA-NBMy0646	NBMy0646	23804	19547	82.12	18793	18672	78.44	KByT	keep
lane1-s045-index--ACGCTACT-TCGACGAG-ARMy0648	ARMy0648	58002	46569	80.29	44994	43649	75.25	KByT	keep
lane1-s046-index--ACGCTACT-GACACTGA-CBMy0649	CBMy0649	54220	43899	80.96	42547	41180	75.95	KByT	keep
lane1-s047-index--ACTCACTG-TCGACGAG-SBMy0651	SBMy0651	81648	66319	81.23	64767	60339	73.9	KByT	keep
lane1-s048-index--ACTCACTG-GACACTGA-R2Jy0662	R2Jy0662	80230	65138	81.19	63138	59211	73.8	KByT	keep
lane1-s049-index--CGAGAGTT-GGATATCT-STJy0663	STJy0663	38968	31660	81.25	30654	29452	75.58	KByT	keep
lane1-s050-index--CGAGAGTT-GATCGTGT-NTJy0664	NTJy0664	33515	27222	81.22	26290	25500	76.09	KByT	keep
lane1-s051-index--CGAGAGTT-TGCGTACG-NRJy0665	NRJy0665	40026	29974	74.89	28708	28349	70.83	KByT	keep
lane1-s052-index--GACATAGT-GGATATCT-NBJy0666	NBJy0666	22644	18459	81.52	17693	17437	77	KByT	keep
lane1-s053-index--GACATAGT-GATCGTGT-HPJy0667	HPJy0667	24881	20498	82.38	19777	19490	78.33	KByT	keep
lane1-s054-index--GACATAGT-TGCGTACG-ARJy0668	ARJy0668	29914	24097	80.55	23153	21968	73.44	KByT	keep
lane1-s055-index--ACGCTACT-GATCGTGT-R8Jy0670	R8Jy0670	46286	37081	80.11	35513	34151	73.78	KByT	keep
lane1-s056-index--ACTCACTG-GATCGTGT-STAu0683	STAu0683	47600	39117	82.18	37815	36221	76.09	KByT	keep
lane1-s057-index--ACTCACTG-TGCGTACG-NTAu0684	NTAu0684	62425	50274	80.54	48656	45448	72.8	KByT	keep
lane1-s058-index--CGAGAGTT-GTCAGATA-NBAu0686	NBAu0686	39121	31725	81.09	30600	29973	76.62	KByT	keep
lane1-s059-index--CGAGAGTT-TAGTGTAG-HPAu0687	HPAu0687	34544	27471	79.52	26312	26208	75.87	KByT	keep
lane1-s060-index--GACATAGT-GACACCGT-ARAu0688	ARAu0688	34886	28586	81.94	27213	25680	73.61	KByT	keep
lane1-s061-index--GACATAGT-GTCAGATA-CBAu0689	CBAu0689	28628	24025	83.92	22982	22499	78.59	KByT	keep
lane1-s062-index--GACATAGT-TAGTGTAG-R8Au0690	R8Au0690	39306	32165	81.83	30452	28949	73.65	KByT	keep
lane1-s063-index--ACTCACTG-GTCAGATA-ExtP1H11	ExtP1H11	259	143	55.21	100	100	38.61	neg	discard
lane1-s064-index--TGAGTACG-ATCGTACG-NRSe0705	NRSe0705	80498	65996	81.98	63559	58340	72.47	KByT	keep
lane1-s065-index--TGAGTACG-ACGACGTG-HPSe0707	HPSe0707	57974	47142	81.32	45245	43850	75.64	KByT	keep
lane1-s066-index--CTGCGTAG-ATCGTACG-ARSe0708	ARSe0708	92853	73057	78.68	70849	66812	71.95	KByT	keep
lane1-s067-index--CTGCGTAG-CTACTATA-CBSe0709	CBSe0709	88890	71181	80.08	69709	68066	76.57	KByT	keep
lane1-s068-index--CTGCGTAG-ACGACGTG-R8Se0710	R8Se0710	61465	48929	79.6	47563	46321	75.36	KByT	keep
lane1-s069-index--TAGTCTCC-ATCGTACG-SBSe0711	SBSe0711	71575	59579	83.24	58343	56701	79.22	KByT	keep
lane1-s070-index--TAGTCTCC-CTACTATA-KASe0001	KASe0001	53785	43771	81.38	41691	41100	76.42	KByT	keep
lane1-s071-index--TAGTCTCC-ACGACGTG-WASe0003	WASe0003	39773	32198	80.95	30745	30583	76.89	KByT	keep
lane1-s072-index--CGAGCGAC-ATCGTACG-R2No0722	R2No0722	100989	80507	79.72	77217	72460	71.75	KByT	keep
lane1-s073-index--TGAGTACG-ACTATCTG-NRNo0725	NRNo0725	75834	62592	82.54	60315	57599	75.95	KByT	keep
lane1-s074-index--TGAGTACG-CGTTACTA-NBNo0726	NBNo0726	66762	54205	81.19	52377	50380	75.46	KByT	keep
lane1-s075-index--TGAGTACG-ATATACAC-HPNo0727	HPNo0727	70734	58745	83.05	57126	55997	79.17	KByT	keep
lane1-s076-index--CTGCGTAG-ACTATCTG-ARNo0728	ARNo0728	75099	60400	80.43	58635	56427	75.14	KByT	keep
lane1-s077-index--CTGCGTAG-CGTTACTA-CBNo0729	CBNo0729	61871	49496	80	48282	46735	75.54	KByT	keep
lane1-s078-index--CTGCGTAG-ATATACAC-R8No0730	R8No0730	62853	51144	81.37	49974	49693	79.06	KByT	keep
lane1-s079-index--TAGTCTCC-ACTATCTG-SBNo0731	SBNo0731	52226	44021	84.29	43046	42428	81.24	KByT	keep
lane1-s080-index--TAGTCTCC-CGTTACTA-R2De0742	R2De0742	131	88	67.18	32	32	24.43	KByT	discard
lane1-s081-index--TAGTCTCC-ATATACAC-STDe0743	STDe0743	53416	46049	86.21	44541	41968	78.57	KByT	keep
lane1-s082-index--CGAGCGAC-ACTATCTG-NTDe0744	NTDe0744	75335	61600	81.77	60428	59375	78.81	KByT	keep
lane1-s083-index--TGAGTACG-TAGCGAGT-HPDe0747	HPDe0747	115665	93623	80.94	90304	86087	74.43	KByT	keep
lane1-s084-index--TGAGTACG-AGAGTCAC-ARDe0748	ARDe0748	56894	46037	80.92	44648	43803	76.99	KByT	keep
lane1-s085-index--CTGCGTAG-TAGCGAGT-R8De0750	R8De0750	108557	85581	78.84	83582	82110	75.64	KByT	keep
lane1-s086-index--CTGCGTAG-AGAGTCAC-SBDe0751	SBDe0751	61365	48895	79.68	47479	46398	75.61	KByT	keep
lane1-s087-index--CTGCGTAG-CGTCGCTA-KADe0005	KADe0005	61502	48952	79.59	46936	46382	75.42	KByT	keep
lane1-s088-index--TAGTCTCC-TAGCGAGT-negP2C07	negP2C07	288	144	50	80	80	27.78	neg	discard
lane1-s089-index--TAGTCTCC-AGAGTCAC-WADe0007	WADe0007	44248	35868	81.06	33304	32878	74.3	KByT	keep
lane1-s090-index--CGAGCGAC-TAGCGAGT-STFe0763	STFe0763	89182	71678	80.37	69859	65797	73.78	KByT	keep
lane1-s091-index--CGAGCGAC-AGAGTCAC-NTFe0764	NTFe0764	65115	52348	80.39	50780	48801	74.95	KByT	keep
lane1-s092-index--TGAGTACG-CTGCGTGT-NBFe0766	NBFe0766	89306	72785	81.5	70087	66589	74.56	KByT	keep
lane1-s093-index--TGAGTACG-TACGAGAC-HPFe0767	HPFe0767	74342	60150	80.91	58588	57847	77.81	KByT	keep
lane1-s094-index--TGAGTACG-CTAGAGCT-ARFe0768	ARFe0768	62159	51491	82.84	49304	48561	78.12	KByT	keep
lane1-s095-index--CTGCGTAG-TACGAGAC-R8Fe0770	R8Fe0770	120682	96252	79.76	94531	90111	74.67	KByT	keep
lane1-s096-index--TAGTCTCC-CTGCGTGT-KAFe0009	KAFe0009	55889	46330	82.9	44166	42849	76.67	KByT	keep
lane1-s097-index--TAGTCTCC-TACGAGAC-WAFe0011	WAFe0011	70254	56990	81.12	54238	53155	75.66	KByT	keep
lane1-s098-index--CGAGCGAC-CTGCGTGT-STAp0783	STAp0783	93233	74994	80.44	73042	70486	75.6	KByT	keep
lane1-s099-index--CGAGCGAC-TACGAGAC-NTAp0784	NTAp0784	69738	55665	79.82	54382	52417	75.16	KByT	keep
lane1-s100-index--TGAGTACG-ACGTCTCG-HPAp0787	HPAp0787	60426	48936	80.99	47531	46792	77.44	KByT	keep
lane1-s101-index--TGAGTACG-GCTCTAGT-ARAp0788	ARAp0788	56108	46150	82.25	44893	44621	79.53	KByT	keep
lane1-s102-index--CTGCGTAG-TCATCGAG-CBAp0789	CBAp0789	80947	65737	81.21	64606	63771	78.78	KByT	keep
lane1-s103-index--CTGCGTAG-ACGTCTCG-R8Ap0790	R8Ap0790	74551	59666	80.03	57914	57137	76.64	KByT	keep
lane1-s104-index--TAGTCTCC-ACGTCTCG-STAp0803	STAp0803	56301	47312	84.03	45923	44514	79.06	KByT	keep
lane1-s105-index--TAGTCTCC-GCTCTAGT-NTAp0804	NTAp0804	55650	46971	84.4	45742	43901	78.89	KByT	keep
lane1-s106-index--CGAGCGAC-ACGTCTCG-NBAp0806	NBAp0806	78392	62475	79.7	60756	59739	76.21	KByT	keep
lane1-s107-index--CGAGCGAC-GCTCTAGT-ARAp0807	ARAp0807	78661	62874	79.93	60986	59501	75.64	KByT	keep
lane1-s108-index--TGAGTACG-GACACTGA-R2My0812	R2My0812	68639	56351	82.1	54391	51227	74.63	KByT	keep
lane1-s109-index--CTGCGTAG-CGTGAGTG-STMy0813	STMy0813	62512	50860	81.36	49516	47336	75.72	KByT	keep
lane1-s110-index--CTGCGTAG-TCGACGAG-NTMy0814	NTMy0814	80776	64205	79.49	62441	61025	75.55	KByT	keep
lane1-s111-index--CTGCGTAG-GACACTGA-NRMy0815	NRMy0815	88210	70335	79.74	68277	66422	75.3	KByT	keep
lane1-s112-index--TAGTCTCC-TCGACGAG-negP2F08	negP2F08	307	132	43	74	74	24.1	neg	discard
lane1-s113-index--TAGTCTCC-GACACTGA-HPMy0817	HPMy0817	66564	55454	83.31	54144	52856	79.41	KByT	keep
lane1-s114-index--CGAGCGAC-CGTGAGTG-ARMy0818	ARMy0818	72600	57478	79.17	55983	55071	75.86	KByT	keep
lane1-s115-index--CGAGCGAC-TCGACGAG-CBMy0819	CBMy0819	85678	67679	78.99	66680	66206	77.27	KByT	keep
lane1-s116-index--CGAGCGAC-GACACTGA-R8My0820	R8My0820	108171	85616	79.15	82752	79247	73.26	KByT	keep
lane1-s117-index--TGAGTACG-GGATATCT-SBMy0821	SBMy0821	89118	72956	81.86	70862	67125	75.32	KByT	keep
lane1-s118-index--TGAGTACG-GATCGTGT-KAMy0017	KAMy0017	51284	41626	81.17	39886	38752	75.56	KByT	keep
lane1-s119-index--CTGCGTAG-GGATATCT-KASe0002	KASe0002	65970	51043	77.37	48748	47601	72.16	KByT	keep
lane1-s120-index--CTGCGTAG-TGCGTACG-KADe0006	KADe0006	92193	70994	77.01	68610	67098	72.78	KByT	keep
lane1-s121-index--TAGTCTCC-TGCGTACG-WAFe0012	WAFe0012	92011	73552	79.94	69776	66989	72.81	KByT	keep
lane1-s122-index--CGAGCGAC-TGCGTACG-KAMy0018	KAMy0018	116897	90665	77.56	87483	83225	71.2	KByT	keep
lane1-s123-index--CTGCGTAG-GTCAGATA-NRJu0835	NRJu0835	103416	84372	81.59	81638	77103	74.56	KByT	keep
lane1-s124-index--CTGCGTAG-TAGTGTAG-NBJu0836	NBJu0836	407	276	67.81	138	138	33.91	KByT	discard
lane1-s125-index--TAGTCTCC-GACACCGT-HPJu0837	HPJu0837	82212	68139	82.88	65904	62420	75.93	KByT	keep
lane1-s126-index--TAGTCTCC-GTCAGATA-ARJu0838	ARJu0838	79177	66451	83.93	64090	60863	76.87	KByT	keep
lane1-s127-index--TAGTCTCC-TAGTGTAG-CBJu0839	CBJu0839	118301	98277	83.07	95859	89329	75.51	KByT	keep
lane1-s128-index--CGAGCGAC-GACACCGT-R8Ju0840	R8Ju0840	116507	90836	77.97	87982	82160	70.52	KByT	keep
lane1-s129-index--GTCTGCTA-ATCGTACG-HPJa0607	HPJa0607	45932	38520	83.86	36716	34310	74.7	KByT	keep
lane1-s130-index--GTCTGCTA-CTACTATA-negP3A05	negP3A05	92	16	17.39	3	3	3.26	neg	discard
lane1-s131-index--ACTACGAC-ACTATCTG-SBAu0531	SBAu0531	44107	36663	83.12	35658	35417	80.3	KByT	keep
lane1-s132-index--GTCTGCTA-ACTATCTG-negP3B04	negP3B04	99	14	14.14	2	2	2.02	neg	discard
lane1-s133-index--GTCTGCTA-ATATACAC-NRFe0765	NRFe0765	30375	26167	86.15	24860	24195	79.65	KByT	keep
lane1-s134-index--GTCTATGA-ACTATCTG-NRAp0785	NRAp0785	33865	28679	84.69	27390	27014	79.77	KByT	keep
lane1-s135-index--GTCTATGA-CGTTACTA-R2Ju0832	R2Ju0832	34794	28508	81.93	27553	26690	76.71	KByT	keep
lane1-s136-index--TATAGCGA-ACTATCTG-STAu0543	STAu0543	31869	27227	85.43	26235	25150	78.92	KByT	keep
lane1-s137-index--TATAGCGA-CGTTACTA-negP3B11	negP3B11	36	16	44.44	6	6	16.67	neg	discard
lane1-s138-index--TATAGCGA-ATATACAC-negP3B12	negP3B12	93	54	58.06	9	9	9.68	neg	discard
lane1-s139-index--ACTACGAC-AGAGTCAC-MoST25c1	MoST25c1	49190	36332	73.86	36110	33316	67.73	mock	keep
lane1-s140-index--ACTACGAC-CGTCGCTA-MoST30c1	MoST30c1	39547	27518	69.58	27393	26759	67.66	mock	keep
lane1-s141-index--GTCTATGA-AGAGTCAC-MoEvOrg2	MoEvOrg2	38469	31827	82.73	31614	30807	80.08	mock	keep
lane1-s142-index--GTCTATGA-CGTCGCTA-MoSTOrg1	MoSTOrg1	27986	22595	80.74	22436	21991	78.58	mock	keep
lane1-s143-index--TATAGCGA-TAGCGAGT-MoSTOrg2	MoSTOrg2	35524	29199	82.2	29053	28229	79.46	mock	keep
lane1-s144-index--TATAGCGA-AGAGTCAC-MoEV20c1	MoEV20c1	29282	23893	81.6	23717	22719	77.59	mock	keep
lane1-s145-index--GATCTACG-CGTTACTA-NRJa0605	NRJa0605	37833	31296	82.72	30223	28889	76.36	KByT	keep
lane1-s146-index--GATCTACG-ATATACAC-CBJa0609	CBJa0609	42277	35493	83.95	34507	33618	79.52	KByT	keep
lane1-s147-index--GTAACGAG-CGTTACTA-negP5E05	negP5E05	91	36	39.56	9	9	9.89	neg	discard
lane1-s148-index--GTAACGAG-ATATACAC-SBMa0631	SBMa0631	29115	24764	85.06	24142	23777	81.67	KByT	keep
lane1-s149-index--ACGTGCGC-ACTATCTG-R8My0650	R8My0650	41155	33883	82.33	32896	32051	77.88	KByT	keep
lane1-s150-index--GTAACGAG-TAGCGAGT-NTDe0584	NTDe0584	44912	37467	83.42	36355	35079	78.11	KByT	keep
lane1-s151-index--GTAACGAG-CGTCGCTA-NBJa0606	NBJa0606	34687	28799	83.03	27725	27415	79.04	KByT	keep
lane1-s152-index--GATCTACG-TACGAGAC-R8Oc0570	R8Oc0570	49726	40344	81.13	39016	37533	75.48	KByT	keep
lane1-s153-index--GATCTACG-CTAGAGCT-NBMa0626	NBMa0626	49954	40949	81.97	39500	38962	78	KByT	keep
lane1-s154-index--GTAACGAG-CTGCGTGT-NBDe0746	NBDe0746	46923	38682	82.44	37006	36341	77.45	KByT	keep
lane1-s155-index--GTAACGAG-TACGAGAC-R2Au0522	R2Au0522	55246	45872	83.03	44128	41016	74.24	KByT	keep
lane1-s156-index--GTAACGAG-CTAGAGCT-NRDe0745	NRDe0745	39085	33072	84.62	31797	30780	78.75	KByT	keep
lane1-s157-index--ACGTGCGC-CTGCGTGT-CBDe0749	CBDe0749	52117	41246	79.14	40237	39181	75.18	KByT	keep
lane1-s158-index--GATCTACG-TCATCGAG-R2Ap0802	R2Ap0802	47821	39642	82.9	38123	37032	77.44	KByT	keep
lane1-s159-index--GATCTACG-ACGTCTCG-NRAp0805	NRAp0805	41312	34063	82.45	32775	32254	78.07	KByT	keep
lane1-s160-index--GATCTACG-TCGACGAG-MoEV20c2	MoEV20c2	51251	40964	79.93	40678	38534	75.19	mock	keep
lane1-s161-index--GATCTACG-GACACTGA-MoST20c2	MoST20c2	66224	52148	78.74	51791	48807	73.7	mock	keep
lane1-s162-index--ACGTGCGC-CGTGAGTG-negP5F07	negP5F07	864	209	24.19	163	163	18.87	neg	discard
lane1-s163-index--GATCTACG-CTACTATA-ARAu0528	ARAu0528	24800	20246	81.64	19338	19016	76.68	KByT	keep
lane1-s164-index--GATCTACG-ACGACGTG-R2Au0542	R2Au0542	18946	15581	82.24	14743	14633	77.24	KByT	keep
lane1-s165-index--GTAACGAG-ATCGTACG-NTAu0544	NTAu0544	30813	25457	82.62	24261	23138	75.09	KByT	keep
lane1-s166-index--GTAACGAG-CTACTATA-R8Au0550	R8Au0550	24714	20542	83.12	19440	19271	77.98	KByT	keep
lane1-s167-index--GTAACGAG-ACGACGTG-STOc0563	STOc0563	18482	15509	83.91	14679	14332	77.55	KByT	keep
lane1-s168-index--ACGTGCGC-ATCGTACG-NROc0565	NROc0565	33888	27403	80.86	25948	24524	72.37	KByT	keep
lane1-s169-index--ACGTGCGC-CTACTATA-NBOc0566	NBOc0566	33187	26834	80.86	25844	25349	76.38	KByT	keep
lane1-s170-index--ACGTGCGC-ACGACGTG-R2De0582	R2De0582	31363	24876	79.32	23623	22819	72.76	KByT	keep
lane1-s171-index--ATAGTACC-CTACTATA-NBDe0586	NBDe0586	32535	27265	83.8	26024	25483	78.32	KByT	keep
lane1-s172-index--ATAGTACC-ACGACGTG-STJa0603	STJa0603	25741	21928	85.19	20990	20478	79.55	KByT	keep
lane1-s173-index--GATCTACG-ACTATCTG-negP5B01	negP5B01	221	118	53.39	46	46	20.81	neg	discard
lane1-s174-index--ACGTGCGC-CGTTACTA-negP5B08	negP5B08	244	166	68.03	95	95	38.93	neg	discard
lane1-s175-index--ACGTGCGC-ATATACAC-ARMa0628	ARMa0628	22021	17976	81.63	17285	17143	77.85	KByT	keep
lane1-s176-index--ATAGTACC-ACTATCTG-CBJy0669	CBJy0669	22967	19611	85.39	18871	18491	80.51	KByT	keep
lane1-s177-index--ATAGTACC-CGTTACTA-SBJy0671	SBJy0671	22839	19115	83.69	18593	18276	80.02	KByT	keep
lane1-s178-index--ATAGTACC-ATATACAC-NRAu0685	NRAu0685	25735	22122	85.96	21272	20614	80.1	KByT	keep
lane1-s179-index--GATCTACG-TAGCGAGT-negP5C01	negP5C01	149	99	66.44	29	29	19.46	neg	discard
lane1-s180-index--ACGTGCGC-AGAGTCAC-SBAu0691	SBAu0691	24019	19235	80.08	18597	18403	76.62	KByT	keep
lane1-s181-index--ACGTGCGC-CGTCGCTA-R2Se0702	R2Se0702	17499	14324	81.86	13698	13497	77.13	KByT	keep
lane1-s182-index--ATAGTACC-TAGCGAGT-STSe0703	STSe0703	39091	33020	84.47	31978	30681	78.49	KByT	keep
lane1-s183-index--ATAGTACC-AGAGTCAC-NTSe0704	NTSe0704	26916	22750	84.52	21799	20868	77.53	KByT	keep
lane1-s184-index--ATAGTACC-CGTCGCTA-R2Au0682	R2Au0682	18767	16020	85.36	15378	15219	81.09	KByT	keep
lane1-s185-index--ACGTGCGC-TACGAGAC-R2Fe0762	R2Fe0762	38862	31286	80.51	29885	28299	72.82	KByT	keep
lane1-s186-index--ACGTGCGC-CTAGAGCT-CBFe0769	CBFe0769	31394	25289	80.55	24501	24396	77.71	KByT	keep
lane1-s187-index--ATAGTACC-CTGCGTGT-SBFe0771	SBFe0771	28669	23690	82.63	22549	22355	77.98	KByT	keep
lane1-s188-index--ATAGTACC-TACGAGAC-NBAp0786	NBAp0786	38121	31808	83.44	30508	29978	78.64	KByT	keep
lane1-s189-index--ATAGTACC-CTAGAGCT-SBAp0791	SBAp0791	28036	23695	84.52	23145	22899	81.68	KByT	keep
lane1-s190-index--ACGTGCGC-ACGTCTCG-KAAp0013	KAAp0013	24241	19344	79.8	18260	18258	75.32	KByT	keep
lane1-s191-index--ATAGTACC-ACGTCTCG-WAMy0019	WAMy0019	25529	20405	79.93	18928	18664	73.11	KByT	keep
lane1-s192-index--ATAGTACC-GCTCTAGT-WASe0004	WASe0004	21816	17826	81.71	16943	16894	77.44	KByT	keep
lane1-s193-index--ACGTGCGC-GACACTGA-KAFe0010	KAFe0010	35720	28347	79.36	26707	25916	72.55	KByT	keep
lane1-s194-index--ATAGTACC-TCGACGAG-STJu0833	STJu0833	27653	23153	83.73	22410	21370	77.28	KByT	keep
lane1-s195-index--ATAGTACC-GACACTGA-NTJu0834	NTJu0834	39516	33708	85.3	32696	30268	76.6	KByT	keep
lane1-s196-index--ACGTGCGC-GATCGTGT-SBJu0841	SBJu0841	36588	29274	80.01	28336	27912	76.29	KByT	keep
lane1-s197-index--ACGTGCGC-TGCGTACG-NRDe0585	NRDe0585	44434	35413	79.7	34055	33089	74.47	KByT	keep
lane1-s198-index--ATAGTACC-GGATATCT-HPMy0647	HPMy0647	40391	33894	83.91	32763	31777	78.67	KByT	keep
lane1-s199-index--ATAGTACC-GATCGTGT-NBSe0706	NBSe0706	26916	22403	83.23	21367	20978	77.94	KByT	keep
lane1-s200-index--ATAGTACC-TGCGTACG-STNo0723	STNo0723	38653	32354	83.7	31059	29297	75.79	KByT	keep
lane1-s201-index--GCGTATAC-ATCGTACG-STAu0523	STAu0523	49089	40396	82.29	39188	35784	72.9	KByT	keep
lane1-s202-index--GCGTATAC-CTACTATA-STDe0583	STDe0583	25466	21153	83.06	20268	20058	78.76	KByT	keep
lane1-s203-index--TGCTCGTA-ATCGTACG-NBMy0816	NBMy0816	21974	18434	83.89	17760	17471	79.51	KByT	keep
lane1-s204-index--TGCTCGTA-CTACTATA-WADe0008	WADe0008	19331	16127	83.43	14842	14840	76.77	KByT	keep
lane1-s205-index--TGCTCGTA-ACGACGTG-KAAp0014	KAAp0014	15362	12796	83.3	11839	11837	77.05	KByT	keep
lane1-s206-index--AACGCTGA-ATCGTACG-NTNo0724	NTNo0724	34044	28020	82.31	27167	25971	76.29	KByT	keep
lane1-s207-index--AACGCTGA-CTACTATA-WAMy0020	WAMy0020	27060	21053	77.8	19433	19292	71.29	KByT	keep
lane1-s208-index--CGTAGCGA-ACGACGTG-negP6A12	negP6A12	69	17	24.64	16	16	23.19	neg	discard
lane1-s209-index--GCGTATAC-TAGCGAGT-R8Au0530	R8Au0530	25614	20435	79.78	19531	19378	75.65	KByT	keep
lane1-s210-index--TGCTCGTA-TAGCGAGT-negP6C04	negP6C04	291	149	51.2	142	142	48.8	neg	discard
lane1-s211-index--AACGCTGA-AGAGTCAC-WAAp0015	WAAp0015	10378	8018	77.26	6966	6966	67.12	KByT	keep
lane1-s212-index--AACGCTGA-CGTCGCTA-WAAp15R2	WAAp15R2	7906	6179	78.16	5293	5293	66.95	KByT	keep
lane1-s213-index--TATAGCGA-CTGCGTGT-19JF1277	19JF1277	21756	18043	82.93	18006	18006	82.76	JdFR	keep
lane1-s214-index--GTCTGCTA-TACGAGAC-19JF1276	19JF1276	18014	15360	85.27	15338	15338	85.14	JdFR	keep
lane1-s215-index--TATAGCGA-TCATCGAG-19JF1280	19JF1280	26525	22038	83.08	21983	19196	72.37	JdFR	keep
lane1-s216-index--GTCTATGA-ACGTCTCG-19JF1278	19JF1278	33764	18895	55.96	18766	17243	51.07	JdFR	keep
lane1-s217-index--GTCTATGA-GCTCTAGT-19JF1279	19JF1279	21705	14214	65.49	14156	13931	64.18	JdFR	keep
lane1-s218-index--TATAGCGA-CGTGAGTG-brown002	brown002	30224	23230	76.86	21901	21692	71.77	brown	keep
lane1-s219-index--TATAGCGA-TCGACGAG-brown003	brown003	34506	28241	81.84	26970	24456	70.87	brown	keep
lane1-s220-index--TATAGCGA-GACACTGA-brownnet	brownnet	27860	21225	76.18	20972	20783	74.6	brown	keep
lane1-s221-index--GTCTATGA-CGTGAGTG-negP3F07	negP3F07	102	16	15.69	9	9	8.82	neg	discard
lane1-s222-index--GTCTATGA-GACACTGA-brown001	brown001	21078	16714	79.3	16172	14991	71.12	brown	keep
lane1-s223-index--CTCGACTT-ATCGTACG-Mg097Tmb	Mg097Tmb	27655	17652	63.83	17442	17390	62.88	mangrove	keep
lane1-s224-index--TCTCTATG-ACGACGTG-19JF0033	19JF0033	13650	10233	74.97	10178	10035	73.52	JdFR	keep
lane1-s225-index--CTCGACTT-CTACTATA-Mg020mid	Mg020mid	28522	20870	73.17	18628	18609	65.24	mangrove	keep
lane1-s226-index--CTCGACTT-ACGACGTG-Mg21Pal2	Mg21Pal2	23953	17072	71.27	14329	14280	59.62	mangrove	keep
lane1-s227-index--CGAAGTAT-ATCGTACG-MgSandT2	MgSandT2	32742	23766	72.59	22885	21426	65.44	mangrove	keep
lane1-s228-index--CTCGACTT-ACTATCTG-Mg101Ace	Mg101Ace	19893	15823	79.54	15651	15651	78.68	mangrove	keep
lane1-s229-index--CTCGACTT-CGTTACTA-Mg020bot	Mg020bot	287	154	53.66	60	60	20.91	mangrove	discard
lane1-s230-index--CTCGACTT-ATATACAC-Mg21Tmb1	Mg21Tmb1	26202	19989	76.29	17397	17272	65.92	mangrove	keep
lane1-s231-index--CGAAGTAT-ACTATCTG-Mg094Tan	Mg094Tan	22356	17717	79.25	17440	16465	73.65	mangrove	keep
lane1-s232-index--CGAAGTAT-ATATACAC-19JF0634	19JF0634	7310	5943	81.3	5804	5465	74.76	JdFR	keep
lane1-s233-index--TAGCAGCT-ACTATCTG-19JF0648	19JF0648	18520	15739	84.98	15533	12249	66.14	JdFR	keep
lane1-s234-index--TAGCAGCT-CGTTACTA-19JF0649	19JF0649	9100	7538	82.84	7347	6210	68.24	JdFR	keep
lane1-s235-index--TAGCAGCT-ATATACAC-19JF0749	19JF0749	13885	10845	78.11	10786	10636	76.6	JdFR	keep
lane1-s236-index--CTCGACTT-TAGCGAGT-Mg102Tmb	Mg102Tmb	54526	39056	71.63	38668	36582	67.09	mangrove	keep
lane1-s237-index--TCTCTATG-TAGCGAGT-19JF0112	19JF0112	22923	18368	80.13	18168	17369	75.77	JdFR	keep
lane1-s238-index--TCTCTATG-AGAGTCAC-19JF0116	19JF0116	17243	14394	83.48	14259	13924	80.75	JdFR	keep
lane1-s239-index--TCTCTATG-CGTCGCTA-19JF0618	19JF0618	21605	17812	82.44	17505	15365	71.12	JdFR	keep
lane1-s240-index--CTCGACTT-AGAGTCAC-Mg021top	Mg021top	23562	17393	73.82	13648	13648	57.92	mangrove	keep
lane1-s241-index--CTCGACTT-CGTCGCTA-Mg21Tmb2	Mg21Tmb2	21146	15971	75.53	13564	13512	63.9	mangrove	keep
lane1-s242-index--TAGCAGCT-AGAGTCAC-19JF0007	19JF0007	14717	12259	83.3	12164	11598	78.81	JdFR	keep
lane1-s243-index--TAGCAGCT-CGTCGCTA-19JF0008	19JF0008	5738	4745	82.69	4654	4418	77	JdFR	keep
lane1-s244-index--CTCGACTT-CTGCGTGT-Mg105Pal	Mg105Pal	30039	22576	75.16	22368	22192	73.88	mangrove	keep
lane1-s245-index--TCTCTATG-TACGAGAC-19JF1264	19JF1264	1543	841	54.5	795	795	51.52	JdFR	discard
lane1-s246-index--TCTCTATG-CTAGAGCT-19JF1265	19JF1265	2563	1993	77.76	1961	1961	76.51	JdFR	keep
lane1-s247-index--CTCGACTT-TACGAGAC-Mg021bot	Mg021bot	33442	24314	72.7	21034	20868	62.4	mangrove	keep
lane1-s248-index--CTCGACTT-CTAGAGCT-Mg21Tan1	Mg21Tan1	29032	22191	76.44	19209	19166	66.02	mangrove	keep
lane1-s249-index--CGAAGTAT-CTAGAGCT-19JF0657	19JF0657	3248	2433	74.91	2375	2265	69.74	JdFR	keep
lane1-s250-index--TAGCAGCT-TACGAGAC-19JF1261	19JF1261	6047	5001	82.7	4961	4961	82.04	JdFR	keep
lane1-s251-index--CTCGACTT-TCATCGAG-Mg106Pal	Mg106Pal	17349	13416	77.33	13321	13321	76.78	mangrove	keep
lane1-s252-index--CTCGACTT-ACGTCTCG-Mg21sand	Mg21sand	25303	18665	73.77	15373	15362	60.71	mangrove	keep
lane1-s253-index--CTCGACTT-GCTCTAGT-Mg21Tan2	Mg21Tan2	26652	20150	75.6	16938	16874	63.31	mangrove	keep
lane1-s254-index--CGAAGTAT-GCTCTAGT-19JF1266	19JF1266	2035	1232	60.54	1200	1200	58.97	JdFR	keep
lane1-s255-index--CTCGACTT-CGTGAGTG-Mg107Tmv	Mg107Tmv	17314	12374	71.47	12327	11513	66.5	mangrove	keep
lane1-s256-index--TCTCTATG-CGTGAGTG-03HIMB83	03HIMB83	16400	14395	87.77	14384	14384	87.71	HIMB83	keep
lane1-s257-index--TCTCTATG-TCGACGAG-05HIMB83	05HIMB83	36764	32686	88.91	32657	32657	88.83	HIMB83	keep
lane1-s258-index--CTCGACTT-TCGACGAG-Mg21Con1	Mg21Con1	40714	30244	74.28	24625	24487	60.14	mangrove	keep
lane1-s259-index--CTCGACTT-GACACTGA-MgSandC1	MgSandC1	33453	24426	73.02	21534	21469	64.18	mangrove	keep
lane1-s260-index--TAGCAGCT-GACACTGA-09HIMB83	09HIMB83	27246	24711	90.7	24693	24693	90.63	HIMB83	keep
lane1-s261-index--CTCGACTT-GGATATCT-Mg109Ace	Mg109Ace	33513	24518	73.16	24354	24105	71.93	mangrove	keep
lane1-s262-index--TCTCTATG-GGATATCT-Mg020bo1	Mg020bo1	40668	31839	78.29	26289	25776	63.38	mangrove	keep
lane1-s263-index--TCTCTATG-GATCGTGT-Mg020bo2	Mg020bo2	92766	71508	77.08	65044	64139	69.14	mangrove	keep
lane1-s264-index--CTCGACTT-GATCGTGT-Mg21Con2	Mg21Con2	36812	26988	73.31	22639	22556	61.27	mangrove	keep
lane1-s265-index--CTCGACTT-TGCGTACG-MgSandC2	MgSandC2	33813	24164	71.46	21287	21197	62.69	mangrove	keep
lane1-s266-index--CGAAGTAT-TGCGTACG-19JF1281	19JF1281	102761	27433	26.7	26747	22455	21.85	JdFR	keep
lane1-s267-index--TAGCAGCT-GGATATCT-19JF1282	19JF1282	37910	12686	33.46	12078	10510	27.72	JdFR	keep
lane1-s268-index--TAGCAGCT-GATCGTGT-19JF1283	19JF1283	20413	11855	58.08	11581	8773	42.98	JdFR	keep
lane1-s269-index--TAGCAGCT-TGCGTACG-19JF1284	19JF1284	17411	9181	52.73	8628	8492	48.77	JdFR	keep
lane1-s270-index--CTCGACTT-GACACCGT-Mg020top	Mg020top	37462	27982	74.69	23458	23369	62.38	mangrove	keep
lane1-s271-index--CTCGACTT-GTCAGATA-Mg21Pal1	Mg21Pal1	33772	24790	73.4	21349	21290	63.04	mangrove	keep
lane1-s272-index--CTCGACTT-TAGTGTAG-MgSandT1	MgSandT1	30502	22036	72.24	21322	20374	66.8	mangrove	keep
lane1-s273-index--TCTCTATG-ATCGTACG-19JF1254	19JF1254	69	47	68.12	10	10	14.49	JdFR	discard
lane1-s274-index--TCTCTATG-CTACTATA-19JF1258	19JF1258	5947	1850	31.11	1812	1812	30.47	JdFR	keep
lane1-s275-index--CGAAGTAT-ACGACGTG-19JF1238	19JF1238	1185	598	50.46	532	532	44.89	JdFR	discard
lane1-s276-index--TAGCAGCT-ATCGTACG-19JF1240	19JF1240	7739	3613	46.69	3228	3154	40.75	JdFR	keep
lane1-s277-index--TAGCAGCT-CTACTATA-19JF1242	19JF1242	537	16	2.98	1	1	0.19	JdFR	discard
lane1-s278-index--TAGCAGCT-ACGACGTG-19JF1248	19JF1248	18633	5	0.03	2	2	0.01	JdFR	discard
lane1-s279-index--TCTCTATG-ACTATCTG-19JF1097	19JF1097	66	39	59.09	11	11	16.67	JdFR	discard
lane1-s280-index--TCTCTATG-CGTTACTA-19JF1080	19JF1080	402	43	10.7	12	12	2.99	JdFR	discard
lane1-s281-index--TCTCTATG-ATATACAC-19JF1120	19JF1120	116	66	56.9	32	32	27.59	JdFR	discard
lane1-s282-index--CGAAGTAT-TAGCGAGT-negP4C04	negP4C04	1249	124	9.93	88	88	7.05	neg	discard
lane1-s283-index--CGAAGTAT-CGTCGCTA-19JF1075	19JF1075	117	23	19.66	1	0	0	JdFR	discard
lane1-s284-index--TAGCAGCT-TAGCGAGT-19JF1076	19JF1076	145	9	6.21	3	3	2.07	JdFR	discard
lane1-s285-index--TCTCTATG-CTGCGTGT-19JF1263	19JF1263	240	106	44.17	62	62	25.83	JdFR	discard
lane1-s286-index--CGAAGTAT-CTGCGTGT-negP4D04	negP4D04	905	41	4.53	7	7	0.77	neg	discard
lane1-s287-index--TAGCAGCT-CTGCGTGT-19JF1260	19JF1260	26	17	65.38	1	1	3.85	JdFR	discard
lane1-s288-index--TAGCAGCT-CTAGAGCT-19JF1262	19JF1262	697	31	4.45	21	21	3.01	JdFR	discard
lane1-s289-index--TCTCTATG-TCATCGAG-19JF1270	19JF1270	2572	1091	42.42	1066	1064	41.37	JdFR	keep
lane1-s290-index--TCTCTATG-ACGTCTCG-19JF1271	19JF1271	70	45	64.29	6	6	8.57	JdFR	discard
lane1-s291-index--TCTCTATG-GCTCTAGT-19JF1272	19JF1272	155	37	23.87	7	7	4.52	JdFR	discard
lane1-s292-index--TAGCAGCT-TCATCGAG-19JF1267	19JF1267	3890	3013	77.46	3006	3006	77.28	JdFR	keep
lane1-s293-index--TAGCAGCT-ACGTCTCG-19JF1268	19JF1268	24	13	54.17	2	2	8.33	JdFR	discard
lane1-s294-index--TAGCAGCT-GCTCTAGT-19JF1269	19JF1269	145	10	6.9	1	1	0.69	JdFR	discard
lane1-s295-index--CGAAGTAT-GACACTGA-19JF1273	19JF1273	378	60	15.87	7	7	1.85	JdFR	discard
lane1-s296-index--TAGCAGCT-CGTGAGTG-19JF1274	19JF1274	540	4	0.74	1	1	0.19	JdFR	discard
lane1-s297-index--TAGCAGCT-TCGACGAG-19JF1275	19JF1275	17	14	82.35	1	1	5.88	JdFR	discard
lane1-s298-index--CGAAGTAT-TAGTGTAG-R2Ap0782	R2Ap0782	28	18	64.29	3	3	10.71	KByT	discard
lane1-s299-index--TAGCAGCT-GACACCGT-negP4H07	negP4H07	1411	339	24.03	334	334	23.67	neg	discard
lane1-s300-index--TAGCAGCT-GTCAGATA-negP4H08	negP4H08	393	111	28.24	102	102	25.95	neg	discard
Undetermined	Undetermined	5067263	2270933	44.82	2228604	2013918	39.74	Undetermined	discard