SampleID	other	plate.number	well.number	X16S.barcode.primers	barcode.forward	barcode.reverse	ID.plate.map	Due.to.complications.actual.ID.used	sample.name.fixed	sampleID.barcode	Project	Project.Date.Site
HPAu0034	lane1-s001-index-CGAGAGTT-ATCGTACG-HPAu0034	1	A1	F1 & R1	A TCG TAC G	AAC TCT CG	HP1_34	HP1_34	KBT_8.23.2017_HP1_DNA_34	AH170034	Kbyt	KBT_8.23.2017_HP1
ARAu0035	lane1-s002-index-CGAGAGTT-CTACTATA-ARAu0035	1	A2	F9 & R1	C TAC TAT A	AAC TCT CG	AR_35	AR_35	KBT_8.23.2017_AR_DNA_35	BH170035	Kbyt	KBT_8.23.2017_AR
CB36_R2	lane1-s306-index-CGAAGTAT-ATATACAC-CB36-R2	4	B6	F18 & R14	A TAT ACA C	ATA CTT CG	CH170036	CB36_R2	KBT_8.23.2017_CB_DNA_36	CH170036	Kbyt	KBT_8.23.2017_CB
R837_R2	lane1-s307-index-TAGCAGCT-ACTATCTG-R837-R2	4	B7	F2 & R15	A CTA TCT G	AGC TGC TA	DH170037	R837_R2	KBT_8.23.2017_SR8_DNA_37	DH170037	Kbyt	KBT_8.23.2017_SR8
SBAu0038	lane1-s005-index-GACATAGT-CTACTATA-SBAu0038	1	A5	F9 & R2	C TAC TAT A	ACT ATG TC	SB_38	SB_38	KBT_8.23.2017_SB_DNA_38	EH170038	Kbyt	KBT_8.23.2017_SB
R2Au0039	lane1-s006-index-GACATAGT-ACGACGTG-R2Au0039	1	A6	F17 & R2	A CGA CGT G	ACT ATG TC	SR2_39	SR2_39	KBT_8.23.2017_SR2_DNA_39	FH170039	Kbyt	KBT_8.23.2017_SR2
STAu0040	lane1-s007-index-ACGCTACT-ATCGTACG-STAu0040	1	A7	F1 & R3	A TCG TAC G	AGT AGC GT	STO1_40	STO1_40	KBT_8.23.2017_STO1_DNA_40	GH170040	Kbyt	KBT_8.23.2017_STO1
NTAu0041	lane1-s008-index-ACGCTACT-CTACTATA-NTAu0041	1	A8	F9 & R3	C TAC TAT A	AGT AGC GT	NTO1_41	NTO1_41	KBT_8.23.2017_NTO1_DNA_41	HH170041	Kbyt	KBT_8.23.2017_NTO1
NRAu0042	lane1-s009-index-ACGCTACT-ACGACGTG-NRAu0042	1	A9	F17 & R3	A CGA CGT G	AGT AGC GT	NR2_42	NR2_42	KBT_8.23.2017_NR2_DNA_42	IH170042	Kbyt	KBT_8.23.2017_NR2
NBAu0043	lane1-s010-index-ACTCACTG-ATCGTACG-NBAu0043	1	A10	F1 & R4	A TCG TAC G	CAG TGA GT	NB_43	NB_43	KBT_8.23.2017_NB_DNA_43	JH170043	Kbyt	KBT_8.23.2017_NB
HPSe0054	lane1-s011-index-ACTCACTG-CTACTATA-HPSe0054	1	A11	F9 & R4	C TAC TAT A	CAG TGA GT	HP1_54	HP1_54	KBT_9.20.17_HP1_DNA_54	AI170054	Kbyt	KBT_9.20.2017_HP1
ARSe0055	lane1-s012-index-ACTCACTG-ACGACGTG-ARSe0055	1	A12	F17 & R4	A CGA CGT G	CAG TGA GT	AR_55	AR_55	KBT_9.20.17_AR_DNA_55	BI170055	Kbyt	KBT_9.20.2017_AR
CBSe0056	lane1-s013-index-CGAGAGTT-ACTATCTG-CBSe0056	1	B1	F2 & R1	A CTA TCT G	AAC TCT CG	CB_56	CB_56	KBT_9.20.17_CB_DNA_56	CI170056	Kbyt	KBT_9.20.2017_CB
R857_R2	lane1-s308-index-TAGCAGCT-CGTTACTA-R857-R2	4	B8	F10 & R15	C GTT ACT A	AGC TGC TA	DI170057	R857_R2	KBT_9.20.17_SR8_DNA_57	DI170057	Kbyt	KBT_9.20.17_SR8
SB58_R2	lane1-s309-index-TAGCAGCT-ATATACAC-SB58-R2	4	B9	F18 & R15	A TAT ACA C	AGC TGC TA	EI170058	SB58_R2	KBT_9.20.17_SB_DNA_58	EI170058	Kbyt	KBT_9.20.17_SB
R2Se0059	lane1-s016-index-GACATAGT-ACTATCTG-R2Se0059	1	B4	F2 & R2	A CTA TCT G	ACT ATG TC	SR2_59	SR2_59	KBT_9.20.17_SR2_DNA_59	FI170059	Kbyt	KBT_9.20.2017_SR2
STSe0060	lane1-s017-index-GACATAGT-CGTTACTA-STSe0060	1	B5	F10 & R2	C GTT ACT A	ACT ATG TC	STO1_60	STO1_60	KBT_9.20.17_STO1_DNA_60	GI170060	Kbyt	KBT_9.20.2017_STO1
NT61_R2	lane1-s310-index-TCTCTATG-ACTATCTG-NT61-R2	4	B10	F2 & R16	A CTA TCT G	CAT AGA GA	HI170061	NT61_R2	KBT_9.20.17_NTO1_DNA_61	HI170061	Kbyt	KBT_9.20.17_NTO1
NRSe0062	lane1-s019-index-ACGCTACT-ACTATCTG-NRSe0062	1	B7	F2 & R3	A CTA TCT G	AGT AGC GT	NR2_62	NR2_62	KBT_9.20.17_NR2_DNA_62	II170062	Kbyt	KBT_9.20.2017_NR2
NBSe0063	lane1-s020-index-ACGCTACT-CGTTACTA-NBSe0063	1	B8	F10 & R3	C GTT ACT A	AGT AGC GT	NB_63	NB_63	KBT_9.20.17_NB_DNA_63	JI170063	Kbyt	KBT_9.20.2017_NB
HPNo0074	lane1-s021-index-ACGCTACT-ATATACAC-HPNo0074	1	B9	F18 & R3	A TAT ACA C	AGT AGC GT	HP1_74	HP1_74	KBT_11.01.17_HP1_DNA_74	AK170074	Kbyt	KBT_11.01.17_HP1
ARNo0075	lane1-s022-index-ACTCACTG-ACTATCTG-ARNo0075	1	B10	F2 & R4	A CTA TCT G	CAG TGA GT	AR_75	AR_75	KBT_11.01.17_AR_DNA_75	BK170075	Kbyt	KBT_11.01.17_AR
NBNo0083	lane1-s031-index-ACGCTACT-TAGCGAGT-NBNo0083	1	C7	F3 & R3	T AGC GAG T	AGT AGC GT	NB_83	NB_83	KBT_11.01.17_NB_DNA_83	JK170083	Kbyt	KBT_11.01.17_NB
CBNo0076	lane1-s023-index-ACTCACTG-CGTTACTA-CBNo0076	1	B11	F10 & R4	C GTT ACT A	CAG TGA GT	CB_76	CB_76	KBT_11.01.17_CB_DNA_76	CK170076	Kbyt	KBT_11.01.17_CB
R8No0077	lane1-s024-index-ACTCACTG-ATATACAC-R8No0077	1	B12	F18 & R4	A TAT ACA C	CAG TGA GT	SR8_77	SR8_77	KBT_11.01.17_SR8_DNA_77	DK170077	Kbyt	KBT_11.01.17_SR8
SBNo0078	lane1-s025-index-CGAGAGTT-TAGCGAGT-SBNo0078	1	C1	F3 & R1	T AGC GAG T	AAC TCT CG	SB_78	SB_78	KBT_11.01.17_SB_DNA_78	EK170078	Kbyt	KBT_11.01.17_SB
R2No0079	lane1-s026-index-CGAGAGTT-AGAGTCAC-R2No0079	1	C2	F11 & R1	A GAG TCA C	AAC TCT CG	SR2_79	SR2_79	KBT_11.01.17_SR2_DNA_79	FK170079	Kbyt	KBT_11.01.17_SR2
STNo0080	lane1-s027-index-CGAGAGTT-CGTCGCTA-STNo0080	1	C3	F19 & R1	C GTC GCT A	AAC TCT CG	STO1_80	STO1_80	KBT_11.01.17_STO1_DNA_80	GK170080	Kbyt	KBT_11.01.17_STO1
NTNo0081	lane1-s028-index-GACATAGT-TAGCGAGT-NTNo0081	1	C4	F3 & R2	T AGC GAG T	ACT ATG TC	NTO1_81	NTO1_81	KBT_11.01.17_NTO1_DNA_81	HK170081	Kbyt	KBT_11.01.17_NTO1
NRNo0082	lane1-s029-index-GACATAGT-AGAGTCAC-NRNo0082	1	C5	F11 & R2	A GAG TCA C	ACT ATG TC	NR2_82	NR2_82	KBT_11.01.17_NR2_DNA_82	IK170082	Kbyt	KBT_11.01.17_NR2
R2De0099	lane1-s037-index-CGAGAGTT-CTGCGTGT-R2De0099	1	D1	F4 & R1	C TGC GTG T	AAC TCT CG	SR2_99	SR2_99	KBT_12.08.17_SR2_DNA_99	FL170099	Kbyt	KBT_12.08.17_SR2
STDe0100	lane1-s038-index-CGAGAGTT-TACGAGAC-STDe0100	1	D2	F12 & R1	T ACG AGA C	AAC TCT CG	STO1_100	STO1_100	KBT_12.08.17_STO1_DNA_100	GL170100	Kbyt	KBT_12.08.17_STO1
NTDe0101	lane1-s039-index-CGAGAGTT-CTAGAGCT-NTDe0101	1	D3	F20 & R1	C TAG AGC T	AAC TCT CG	NTO1_101	NTO1_101	KBT_12.08.17_NTO1_DNA_101	HL170101	Kbyt	KBT_12.08.17_NTO1
NRDe0102	lane1-s040-index-GACATAGT-CTGCGTGT-NRDe0102	1	D4	F4 & R2	C TGC GTG T	ACT ATG TC	NR2_102	NR2_102	KBT_12.08.17_NR2_DNA_102	IL170102	Kbyt	KBT_12.08.17_NR2
HPDe0094	lane1-s032-index-ACGCTACT-AGAGTCAC-HPDe0094	1	C8	F11 & R3	A GAG TCA C	AGT AGC GT	HP1_94	HP1_94	KBT_12.08.17_HP1_DNA_94	AL170094	Kbyt	KBT_12.08.17_HP1
ARDe0095	lane1-s033-index-ACGCTACT-CGTCGCTA-ARDe0095	1	C9	F19 & R3	C GTC GCT A	AGT AGC GT	AR_95	AR_95	KBT_12.08.17_AR_DNA_95	BL170095	Kbyt	KBT_12.08.17_AR
NBDe0103	lane1-s041-index-GACATAGT-TACGAGAC-NBDe0103	1	D5	F12 & R2	T ACG AGA C	ACT ATG TC	NB_103	NB_103	KBT_12.08.17_NB_PM_DNA_103	JL170103	Kbyt	KBT_12.08.17_NB
CBDe0096	lane1-s034-index-ACTCACTG-TAGCGAGT-CBDe0096	1	C10	F3 & R4	T AGC GAG T	CAG TGA GT	CB_96	CB_96	KBT_12.08.17_CB_DNA_96	CL170096	Kbyt	KBT_12.08.17_CB
R8De0097	lane1-s035-index-ACTCACTG-AGAGTCAC-R8De0097	1	C11	F11 & R4	A GAG TCA C	CAG TGA GT	SR8_97	SR8_97	KBT_12.08.17_SR8_DNA_97	DL170097	Kbyt	KBT_12.08.17_SR8
SBDe0098	lane1-s036-index-ACTCACTG-CGTCGCTA-SBDe0098	1	C12	F19 & R4	C GTC GCT A	CAG TGA GT	SB_98	SB_98	KBT_12.08.17_SB_DNA_98	EL170098	Kbyt	KBT_12.08.17_SB
HPJa0116	lane1-s042-index-GACATAGT-CTAGAGCT-HPJa0116	1	D6	F20 & R2	C TAG AGC T	ACT ATG TC	HP1_116	HP1_116	KBT_1.29.2018_HP1_DNA_116	AA180116	Kbyt	KBT_1.29.2018_HP1
ARJa0117	lane1-s043-index-ACGCTACT-CTGCGTGT-ARJa0117	1	D7	F4 & R3	C TGC GTG T	AGT AGC GT	AR_117	AR_117	KBT_1.29.2018_AR_DNA_117	BA180117	Kbyt	KBT_1.29.2018_AR
CBJa0118	lane1-s044-index-ACGCTACT-TACGAGAC-CBJa0118	1	D8	F12 & R3	T ACG AGA C	AGT AGC GT	CB_118	CB_118	KBT_1.29.2018_CB_DNA_118	CA180118	Kbyt	KBT_1.29.2018_CB
NBJa0121	lane1-s047-index-ACTCACTG-TACGAGAC-NBJa0121	1	D11	F12 & R4	T ACG AGA C	CAG TGA GT	NB_121	NB_121	KBT_1.29.2018_NB_DNA_121	JA180121	Kbyt	KBT_1.29.2018_NB
R8Ja0119	lane1-s045-index-ACGCTACT-CTAGAGCT-R8Ja0119	1	D9	F20 & R3	C TAG AGC T	AGT AGC GT	SR8_119	SR8_119	KBT_1.29.2018_SR8_DNA_119	DA180119	Kbyt	KBT_1.29.2018_SR8
SBJa0120	lane1-s046-index-ACTCACTG-CTGCGTGT-SBJa0120	1	D10	F4 & R4	C TGC GTG T	CAG TGA GT	SB_120	SB_120	KBT_1.29.2018_SB_DNA_120	EA180120	Kbyt	KBT_1.29.2018_SB
R2Ja0125	lane1-s051-index-CGAGAGTT-GCTCTAGT-R2Ja0125	1	E3	F21 & R1	G CTC TAG T	AAC TCT CG	SR2_125	SR2_125	KBT_1.29.2018_SR2_DNA_125	FA180125	Kbyt	KBT_1.29.2018_SR2
STJa0122	lane1-s048-index-ACTCACTG-CTAGAGCT-STJa0122	1	D12	F20 & R4	C TAG AGC T	CAG TGA GT	STO1_122	STO1_122	KBT_1.29.2018_STO1_DNA_122	GA180122	Kbyt	KBT_1.29.2018_STO1
NTJa0123	lane1-s049-index-CGAGAGTT-TCATCGAG-NTJa0123	1	E1	F5 & R1	T CAT CGA G	AAC TCT CG	NTO1_123	NTO1_123	KBT_1.29.2018_NTO1_DNA_123	HA180123	Kbyt	KBT_1.29.2018_NTO1
NRJa0124	lane1-s050-index-CGAGAGTT-ACGTCTCG-NRJa0124	1	E2	F13 & R1	A CGT CTC G	AAC TCT CG	NR2_124	NR2_124	KBT_1.29.2018_NR2_DNA_124	IA180124	Kbyt	KBT_1.29.2018_NR2
R8Fe0139	lane1-s055-index-ACGCTACT-TCATCGAG-R8Fe0139	1	E7	F5 & R3	T CAT CGA G	AGT AGC GT	SR8_139	SR8_139	KBT_2.21.2018_SR8_DNA_139	DB180139	Kbyt	KBT_2.21.2018_SR8
R2Fe0141	lane1-s057-index-ACGCTACT-GCTCTAGT-R2Fe0141	1	E9	F21 & R3	G CTC TAG T	AGT AGC GT	SR2_141	SR2_141	KBT_2.21.2018_SR2_DNA_141	FB180141	Kbyt	KBT_2.21.2018_SR2
STFe0142	lane1-s058-index-ACTCACTG-TCATCGAG-STFe0142	1	E10	F5 & R4	T CAT CGA G	CAG TGA GT	STO1_142	STO1_142	KBT_2.21.2018_STO1_DNA_142	GB180142	Kbyt	KBT_2.21.2018_STO1
NTFe0143	lane1-s059-index-ACTCACTG-ACGTCTCG-NTFe0143	1	E11	F13 & R4	A CGT CTC G	CAG TGA GT	NTO1_143	NTO1_143	KBT_2.21.2018_NTO1_DNA_143	HB180143	Kbyt	KBT_2.21.2018_NTO1
NRFe0144	lane1-s060-index-ACTCACTG-GCTCTAGT-NRFe0144	1	E12	F21 & R4	G CTC TAG T	CAG TGA GT	NR2_144	NR2_144	KBT_2.21.2018_NR2_DNA_144	IB180144	Kbyt	KBT_2.21.2018_NR2
NB145_R2	lane1-s304-index-CGAAGTAT-ACTATCTG-NB145-R2	4	B4	F2 & R14	A CTA TCT G	ATA CTT CG	JB180145	NB145_R2	KBT_2.21.2018_NB_DNA_145	JB180145	Kbyt	KBT_2.21.2018_NB
HPFe0136	lane1-s052-index-GACATAGT-TCATCGAG-HPFe0136	1	E4	F5 & R2	T CAT CGA G	ACT ATG TC	HP1_136	HP1_136	KBT_2.21.2018_HP1_DNA_136	AB180136	Kbyt	KBT_2.21.2018_HP1
ARFe0137	lane1-s053-index-GACATAGT-ACGTCTCG-ARFe0137	1	E5	F13 & R2	A CGT CTC G	ACT ATG TC	AR_137	AR_137	KBT_2.21.2018_AR_DNA_137	BB180137	Kbyt	KBT_2.21.2018_AR
CBFe0138	lane1-s054-index-GACATAGT-GCTCTAGT-CBFe0138	1	E6	F21 & R2	G CTC TAG T	ACT ATG TC	CB_138	CB_138	KBT_2.21.2018_CB_DNA_138	CB180138	Kbyt	KBT_2.21.2018_CB
SBFe0140	lane1-s056-index-ACGCTACT-ACGTCTCG-SBFe0140	1	E8	F13 & R3	A CGT CTC G	AGT AGC GT	SB_140	SB_140	KBT_2.21.2018_SB_DNA_140	EB180140	Kbyt	KBT_2.21.2018_SB
HP156_R2	lane1-s305-index-CGAAGTAT-CGTTACTA-HP156-R2	4	B5	F10 & R14	C GTT ACT A	ATA CTT CG	AC180156	HP156_R2	KBT_3.28.2018_HP1_DNA_156	AC180156	Kbyt	KBT_3.28.2018_HP1
ARMa0157	lane1-s063-index-CGAGAGTT-GACACTGA-ARMa0157	1	F3	F22 & R1	G ACA CTG A	AAC TCT CG	AR_157	AR_157	KBT_3.28.2018_AR_DNA_157	BC180157	Kbyt	KBT_3.28.2018_AR
NBMa0165	lane1-s071-index-ACTCACTG-TCGACGAG-NBMa0165	1	F11	F14 & R4	T CGA CGA G	CAG TGA GT	NB_165	NB_165	KBT_3.28.2018_NB_DNA_165	JC180165	Kbyt	KBT_3.28.2018_NB
CBMa0158	lane1-s064-index-GACATAGT-CGTGAGTG-CBMa0158	1	F4	F6 & R2	C GTG AGT G	ACT ATG TC	CB_158	CB_158	KBT_3.28.2018_CB_DNA_158	CC180158	Kbyt	KBT_3.28.2018_CB
R8Ma0159	lane1-s065-index-GACATAGT-TCGACGAG-R8Ma0159	1	F5	F14 & R2	T CGA CGA G	ACT ATG TC	SR8_159	SR8_159	KBT_3.28.2018_SR8_DNA_159	DC180159	Kbyt	KBT_3.28.2018_SR8
SBMa0160	lane1-s066-index-GACATAGT-GACACTGA-SBMa0160	1	F6	F22 & R2	G ACA CTG A	ACT ATG TC	SB_160	SB_160	KBT_3.28.2018_SB_DNA_160	EC180160	Kbyt	KBT_3.28.2018_SB
R2Ma0161	lane1-s067-index-ACGCTACT-CGTGAGTG-R2Ma0161	1	F7	F6 & R3	C GTG AGT G	AGT AGC GT	SR2_161	SR2_161	KBT_3.28.2018_SR2_DNA_161	FC180161	Kbyt	KBT_3.28.2018_SR2
STMa0162	lane1-s068-index-ACGCTACT-TCGACGAG-STMa0162	1	F8	F14 & R3	T CGA CGA G	AGT AGC GT	STO1_162	STO1_162	KBT_3.28.2018_STO1_DNA_162	GC180162	Kbyt	KBT_3.28.2018_STO1
NTMa0163	lane1-s069-index-ACGCTACT-GACACTGA-NTMa0163	1	F9	F22 & R3	G ACA CTG A	AGT AGC GT	NTO1_163	NTO1_163	KBT_3.28.2018_NTO1_DNA_163	HC180163	Kbyt	KBT_3.28.2018_NTO1
NRMa0164	lane1-s070-index-ACTCACTG-CGTGAGTG-NRMa0164	1	F10	F6 & R4	C GTG AGT G	CAG TGA GT	NR2_164	NR2_164	KBT_3.28.2018_NR2_DNA_164	IC180164	Kbyt	KBT_3.28.2018_NR2
R2My0181	lane1-s077-index-GACATAGT-GATCGTGT-R2My0181	1	G5	F15 & R2	G ATC GTG T	ACT ATG TC	SR2_181	SR2_181	KBT_5.01.2018_SR2_DNA_181	FE180181	Kbyt	KBT_5.01.2018_SR2
STMy0182	lane1-s078-index-GACATAGT-TGCGTACG-STMy0182	1	G6	F23 & R2	T GCG TAC G	ACT ATG TC	STO1_182	STO1_182	KBT_5.01.2018_STO1_DNA_182	GE180182	Kbyt	KBT_5.01.2018_STO1
NTMy0183	lane1-s079-index-ACGCTACT-GGATATCT-NTMy0183	1	G7	F7 & R3	G GAT ATC T	AGT AGC GT	NTO1_183	NTO1_183	KBT_5.01.2018_NTO1_DNA_183	HE180183	Kbyt	KBT_5.01.2018_NTO1
NRMy0184	lane1-s080-index-ACGCTACT-GATCGTGT-NRMy0184	1	G8	F15 & R3	G ATC GTG T	AGT AGC GT	NR2_184	NR2_184	KBT_5.01.2018_NR2_DNA_184	IE180184	Kbyt	KBT_5.01.2018_NR2
NBMy0185	lane1-s081-index-ACGCTACT-TGCGTACG-NBMy0185	1	G9	F23 & R3	T GCG TAC G	AGT AGC GT	NB_185	NB_185	KBT_5.01.2018_NB_DNA_185	JE180185	Kbyt	KBT_5.01.2018_NB
HPMy0176	lane1-s072-index-ACTCACTG-GACACTGA-HPMy0176	1	F12	F22 & R4	G ACA CTG A	CAG TGA GT	HP1_176	HP1_176	KBT_5.01.2018_HP1_DNA_176	AE180176	Kbyt	KBT_5.01.2018_HP1
ARMy0177	lane1-s073-index-CGAGAGTT-GGATATCT-ARMy0177	1	G1	F7 & R1	G GAT ATC T	AAC TCT CG	AR_177	AR_177	KBT_5.01.2018_AR_DNA_177	BE180177	Kbyt	KBT_5.01.2018_AR
CB178_R2	lane1-s311-index-TCTCTATG-CGTTACTA-CB178-R2	4	B11	F10 & R16	C GTT ACT A	CAT AGA GA	CE180178	CB178_R2	KBT_5.01.2018_CB_DNA_178	CE180178	Kbyt	KBT_5.01.2018_CB
R8My0179	lane1-s075-index-CGAGAGTT-TGCGTACG-R8My0179	1	G3	F23 & R1	T GCG TAC G	AAC TCT CG	SR8_179	SR8_179	KBT_5.01.2018_SR8_DNA_179	DE180179	Kbyt	KBT_5.01.2018_SR8
SBMy0180	lane1-s076-index-GACATAGT-GGATATCT-SBMy0180	1	G4	F7 & R2	G GAT ATC T	ACT ATG TC	SB_180	SB_180	KBT_5.01.2018_SB_DNA_180	EE180180	Kbyt	KBT_5.01.2018_SB
R2Jn0201	lane1-s087-index-CGAGAGTT-TAGTGTAG-R2Jn0201	1	H3	F24 & R1	T AGT GTA G	AAC TCT CG	SR2_201	SR2_201	KBT_6.01.2018_SR2_DNA_201	FF180201	Kbyt	KBT_6.01.2018_SR2
STJn0202	lane1-s088-index-GACATAGT-GACACCGT-STJn0202	1	H4	F8 & R2	G ACA CCG T	ACT ATG TC	STO1_202	STO1_202	KBT_6.01.2018_STO1_DNA_202	GF180202	Kbyt	KBT_6.01.2018_STO1
NTJn0203	lane1-s089-index-GACATAGT-GTCAGATA-NTJn0203	1	H5	F16 & R2	G TCA GAT A	ACT ATG TC	NTO1_203	NTO1_203	KBT_6.01.2018_NTO1_DNA_203	HF180203	Kbyt	KBT_6.01.2018_NTO1
NRJn0204	lane1-s090-index-GACATAGT-TAGTGTAG-NRJn0204	1	H6	F24 & R2	T AGT GTA G	ACT ATG TC	NR2_204	NR2_204	KBT_6.01.2018_NR2_DNA_204	IF180204	Kbyt	KBT_6.01.2018_NR2
NBJn0205	lane1-s091-index-ACGCTACT-GACACCGT-NBJn0205	1	H7	F8 & R3	G ACA CCG T	AGT AGC GT	NB_205	NB_205	KBT_6.01.2018_NB_DNA_205	JF180205	Kbyt	KBT_6.01.2018_NB
HPJn0196	lane1-s082-index-ACTCACTG-GGATATCT-HPJn0196	1	G10	F7 & R4	G GAT ATC T	CAG TGA GT	HP1_196	HP1_196	KBT_6.01.2018_HP1_DNA_196	AF180196	Kbyt	KBT_6.01.2018_HP1
ARJn0197	lane1-s083-index-ACTCACTG-GATCGTGT-ARJn0197	1	G11	F15 & R4	G ATC GTG T	CAG TGA GT	AR_197	AR_197	KBT_6.01.2018_AR_DNA_197	BF180197	Kbyt	KBT_6.01.2018_AR
CBJn0198	lane1-s084-index-ACTCACTG-TGCGTACG-CBJn0198	1	G12	F23 & R4	T GCG TAC G	CAG TGA GT	CB_198	CB_198	KBT_6.01.2018_CB_DNA_198	CF180198	Kbyt	KBT_6.01.2018_CB
R8Jn0199	lane1-s085-index-CGAGAGTT-GACACCGT-R8Jn0199	1	H1	F8 & R1	G ACA CCG T	AAC TCT CG	SR8_199	SR8_199	KBT_6.01.2018_SR8_DNA_199	DF180199	Kbyt	KBT_6.01.2018_SR8
SBJn0200	lane1-s086-index-CGAGAGTT-GTCAGATA-SBJn0200	1	H2	F16 & R1	G TCA GAT A	AAC TCT CG	SB_200	SB_200	KBT_6.01.2018_SB_DNA_200	EF180200	Kbyt	KBT_6.01.2018_SB
R2Jn0242	lane1-s103-index-TAGTCTCC-ATCGTACG-R2Jn0242	2	A7	F1 & R7	A TCG TAC G	GGA GAC TA	SR2_2_242	SR2_2_242	KBT_06.19.2018_SR2_2_DNA_242	FF180242	Kbyt	KBT_6.19.2018_SR2
STJn0222	lane1-s099-index-TGAGTACG-ACGACGTG-STJn0222	2	A3	F17 & R5	A CGA CGT G	CGT ACT CA	STO1_222	STO1_222	KBT_06.19.2018_STO1_DNA_222	GF180222	Kbyt	KBT_6.19.2018_STO1
NTJn0223	lane1-s100-index-CTGCGTAG-ATCGTACG-NTJn0223	2	A4	F1 & R6	A TCG TAC G	CTA CGC AG	NTO1_223	NTO1_223	KBT_06.19.2018_NTO1_DNA_223	HF180223	Kbyt	KBT_6.19.2018_NTO1
NRJn0224	lane1-s101-index-CTGCGTAG-CTACTATA-NRJn0224	2	A5	F9 & R6	C TAC TAT A	CTA CGC AG	NR2_224	NR2_224	KBT_06.19.2018_NR2_DNA_224	IF180224	Kbyt	KBT_6.19.2018_NR2
NBJn0225	lane1-s102-index-CTGCGTAG-ACGACGTG-NBJn0225	2	A6	F17 & R6	A CGA CGT G	CTA CGC AG	NB_225	NB_225	KBT_06.19.2018_NB_DNA_225	JF180225	Kbyt	KBT_6.19.2018_NB
HPJn0216	lane1-s092-index-ACGCTACT-GTCAGATA-HPJn0216	1	H8	F16 & R3	G TCA GAT A	AGT AGC GT	HP1_216	HP1_216	KBT_06.19.2018_HP1_DNA_216	AF180216	Kbyt	KBT_6.19.2018_HP1
ARJn0217	lane1-s093-index-ACGCTACT-TAGTGTAG-ARJn0217	1	H9	F24 & R3	T AGT GTA G	AGT AGC GT	AR_217	AR_217	KBT_06.19.2018_AR_DNA_217	BF180217	Kbyt	KBT_6.19.2018_AR
CBJn0218	lane1-s094-index-ACTCACTG-GACACCGT-CBJn0218	1	H10	F8 & R4	G ACA CCG T	CAG TGA GT	CB_218	CB_218	KBT_06.19.2018_CB_DNA_218	CF180218	Kbyt	KBT_6.19.2018_CB
R8Jn0219	lane1-s095-index-ACTCACTG-GTCAGATA-R8Jn0219	1	H11	F16 & R4	G TCA GAT A	CAG TGA GT	SR8_219	SR8_219	KBT_06.19.2018_SR8_DNA_219	DF180219	Kbyt	KBT_6.19.2018_SR8
SBJn0220	lane1-s097-index-TGAGTACG-ATCGTACG-SBJn0220	2	A1	F1 & R5	A TCG TAC G	CGT ACT CA	SB_220	SB_220	KBT_06.19.2018_SB_DNA_220	EF180220	Kbyt	KBT_6.19.2018_SB
R2Jy0249	lane1-s109-index-TGAGTACG-ACTATCTG-R2Jy0249	2	B1	F2 & R5	A CTA TCT G	CGT ACT CA	SR2_249	SR2_249	KBT_07.23.2018_SR2_DNA_249	FG180249	Kbyt	KBT_7.23.2018_SR2
STJy0250	lane1-s110-index-TGAGTACG-CGTTACTA-STJy0250	2	B2	F10 & R5	C GTT ACT A	CGT ACT CA	STO1_250	STO1_250	KBT_07.23.2018_STO1_DNA_250	GG180250	Kbyt	KBT_7.23.2018_STO1
NTJy0251	lane1-s111-index-TGAGTACG-ATATACAC-NTJy0251	2	B3	F18 & R5	A TAT ACA C	CGT ACT CA	NTO1_251	NTO1_251	KBT_07.23.2018_NTO1_DNA_251	HG180251	Kbyt	KBT_7.23.2018_NTO1
NRJy0252	lane1-s112-index-CTGCGTAG-ACTATCTG-NRJy0252	2	B4	F2 & R6	A CTA TCT G	CTA CGC AG	NR2_252	NR2_252	KBT_07.23.2018_NR2_DNA_252	IG180252	Kbyt	KBT_7.23.2018_NR2
NBJy0253	lane1-s113-index-CTGCGTAG-CGTTACTA-NBJy0253	2	B5	F10 & R6	C GTT ACT A	CTA CGC AG	NB_253	NB_253	KBT_07.23.2018_NB_DNA_253	JG180253	Kbyt	KBT_7.23.2018_NB
HPJy0244	lane1-s104-index-TAGTCTCC-CTACTATA-HPJy0244	2	A8	F9 & R7	C TAC TAT A	GGA GAC TA	HP1_244	HP1_244	KBT_07.23.2018_HP1_DNA_244	AG180244	Kbyt	KBT_7.23.2018_HP1
ARJy0245	lane1-s105-index-TAGTCTCC-ACGACGTG-ARJy0245	2	A9	F17 & R7	A CGA CGT G	GGA GAC TA	AR_245	AR_245	KBT_07.23.2018_AR_DNA_245	BG180245	Kbyt	KBT_7.23.2018_AR
CBJy0246	lane1-s106-index-CGAGCGAC-ATCGTACG-CBJy0246	2	A10	F1 & R8	A TCG TAC G	GTC GCT CG	CB_246	CB_246	KBT_07.23.2018_CB_DNA_246	CG180246	Kbyt	KBT_7.23.2018_CB
R8Jy0247	lane1-s107-index-CGAGCGAC-CTACTATA-R8Jy0247	2	A11	F9 & R8	C TAC TAT A	GTC GCT CG	SR8_247	SR8_247	KBT_07.23.2018_SR8_DNA_247	DG180247	Kbyt	KBT_7.23.2018_SR8
SBJy0248	lane1-s108-index-CGAGCGAC-ACGACGTG-SBJy0248	2	A12	F17 & R8	A CGA CGT G	GTC GCT CG	SB_248	SB_248	KBT_07.23.2018_SB_DNA_248	EG180248	Kbyt	KBT_7.23.2018_SB
R2Se0269	lane1-s119-index-CGAGCGAC-CGTTACTA-R2Se0269	2	B11	F10 & R8	C GTT ACT A	GTC GCT CG	SR2_269	SR2_269	KBT_09.11.2018_SR2_DNA_269	FI180269	Kbyt	KBT_9.11.2018_SR2
STSe0270	lane1-s120-index-CGAGCGAC-ATATACAC-STSe0270	2	B12	F18 & R8	A TAT ACA C	GTC GCT CG	STO1_270	STO1_270	KBT_09.11.2018_STO1_DNA_270	GI180270	Kbyt	KBT_9.11.2018_STO1
NTSe0271	lane1-s121-index-TGAGTACG-TAGCGAGT-NTSe0271	2	C1	F3 & R5	T AGC GAG T	CGT ACT CA	NTO1_271	NTO1_271	KBT_09.11.2018_NTO1_DNA_271	HI180271	Kbyt	KBT_9.11.2018_NTO1
NRSe0272	lane1-s122-index-TGAGTACG-AGAGTCAC-NRSe0272	2	C2	F11 & R5	A GAG TCA C	CGT ACT CA	NR2_272	NR2_272	KBT_09.11.2018_NR2_DNA_272	II180272	Kbyt	KBT_9.11.2018_NR2
NBSe0273	lane1-s123-index-TGAGTACG-CGTCGCTA-NBSe0273	2	C3	F19 & R5	C GTC GCT A	CGT ACT CA	NB_273	NB_273	KBT_09.11.2018_NB_DNA_273	JI180273	Kbyt	KBT_9.11.2018_NB
HPSe0264	lane1-s114-index-CTGCGTAG-ATATACAC-HPSe0264	2	B6	F18 & R6	A TAT ACA C	CTA CGC AG	HP1_264	HP1_264	KBT_09.11.2018_HP1_DNA_264	AI180264	Kbyt	KBT_9.11.2018_HP1
ARSe0265	lane1-s115-index-TAGTCTCC-ACTATCTG-ARSe0265	2	B7	F2 & R7	A CTA TCT G	GGA GAC TA	AR_265	AR_265	KBT_09.11.2018_AR_DNA_265	BI180265	Kbyt	KBT_9.11.2018_AR
CBSe0266	lane1-s116-index-TAGTCTCC-CGTTACTA-CBSe0266	2	B8	F10 & R7	C GTT ACT A	GGA GAC TA	CB_266	CB_266	KBT_09.11.2018_CB_DNA_266	CI180266	Kbyt	KBT_9.11.2018_CB
R8Se0267	lane1-s117-index-TAGTCTCC-ATATACAC-R8Se0267	2	B9	F18 & R7	A TAT ACA C	GGA GAC TA	SR8_267	SR8_267	KBT_09.11.2018_SR8_DNA_267	DI180267	Kbyt	KBT_9.11.2018_SR8
SBSe0268	lane1-s118-index-CGAGCGAC-ACTATCTG-SBSe0268	2	B10	F2 & R8	A CTA TCT G	GTC GCT CG	SB_268	SB_268	KBT_09.11.2018_SB_DNA_268	EI180268	Kbyt	KBT_9.11.2018_SB
R2Oc0295	lane1-s130-index-CGAGCGAC-TAGCGAGT-R2Oc0295	2	C10	F3 & R8	T AGC GAG T	GTC GCT CG	SR2_295	SR2_295	KBT_10.11.2018_SR2_DNA_295	FJ180295	Kbyt	KBT_10.11.2018_SR2
STOc0296	lane1-s131-index-CGAGCGAC-AGAGTCAC-STOc0296	2	C11	F11 & R8	A GAG TCA C	GTC GCT CG	STO1_296	STO1_296	KBT_10.11.2018_STO1_DNA_296	GJ180296	Kbyt	KBT_10.11.2018_STO1
NT297_R2	lane1-s320-index-TAGCAGCT-AGAGTCAC-NT297-R2	4	C8	F11 & R15	A GAG TCA C	AGC TGC TA	HJ180297	NT297_R2	KBT_10.11.2018_NTO1_DNA_297	HJ180297	Kbyt	KBT_10.11.2018_NTO1
NROc0298	lane1-s133-index-TGAGTACG-CTGCGTGT-NROc0298	2	D1	F4 & R5	C TGC GTG T	CGT ACT CA	NR2_298	NR2_298	KBT_10.11.2018_NR2_DNA_298	IJ180298	Kbyt	KBT_10.11.2018_NR2
NBOc0299	lane1-s134-index-TGAGTACG-TACGAGAC-NBOc0299	2	D2	F12 & R5	T ACG AGA C	CGT ACT CA	NB_299	NB_299	KBT_10.11.2018_NB_DNA_299	JJ180299	Kbyt	KBT_10.11.2018_NB
AROc0291	lane1-s125-index-CTGCGTAG-AGAGTCAC-AROc0291	2	C5	F11 & R6	A GAG TCA C	CTA CGC AG	AR_291	AR_291	KBT_10.11.2018_AR_DNA_291	BJ180291	Kbyt	KBT_10.11.2018_AR
R8Oc0293	lane1-s128-index-TAGTCTCC-AGAGTCAC-R8Oc0293	2	C8	F11 & R7	A GAG TCA C	GGA GAC TA	SR8_293	SR8_293	KBT_10.11.2018_SR8_DNA_293	DJ180293	Kbyt	KBT_10.11.2018_SR8
CB292_R2	lane1-s319-index-TAGCAGCT-TAGCGAGT-CB292-R2	4	C7	F3 & R15	T AGC GAG T	AGC TGC TA	CJ180292	CB292_R2	KBT_10.11.2018_CB_DNA_292	CJ180292	Kbyt	KBT_10.11.2018_CB
HPOc0290	lane1-s124-index-CTGCGTAG-TAGCGAGT-HPOc0290	2	C4	F3 & R6	T AGC GAG T	CTA CGC AG	HP1_290	HP1_290	KBT_10.11.2018_HP1_DNA_290	AJ180290	Kbyt	KBT_10.11.2018_HP1
SBOc0294	lane1-s129-index-TAGTCTCC-CGTCGCTA-SBOc0294	2	C9	F19 & R7	C GTC GCT A	GGA GAC TA	SB_294	SB_294	KBT_10.11.2018_SB_DNA_294	EJ180294	Kbyt	KBT_10.11.2018_SB
R2No0327	lane1-s146-index-TGAGTACG-ACGTCTCG-R2No0327	2	E2	F13 & R5	A CGT CTC G	CGT ACT CA	SR2_327	SR2_327	KBT_11.09.2018_SR2_DNA_327	FK180327	Kbyt	KBT_11.09.2018_SR2
STNo0328	lane1-s147-index-TGAGTACG-GCTCTAGT-STNo0328	2	E3	F21 & R5	G CTC TAG T	CGT ACT CA	STO1_328	STO1_328	KBT_11.09.2018_STO1_DNA_328	GK180328	Kbyt	KBT_11.09.2018_STO1
NTNo0329	lane1-s148-index-CTGCGTAG-TCATCGAG-NTNo0329	2	E4	F5 & R6	T CAT CGA G	CTA CGC AG	NTO1_329	NTO1_329	KBT_11.09.2018_NTO1_DNA_329	HK180329	Kbyt	KBT_11.09.2018_NTO1
NR330_R2	lane1-s323-index-TCTCTATG-AGAGTCAC-NR330-R2	4	C11	F11 & R16	A GAG TCA C	CAT AGA GA	IK180330	NR330_R2	KBT_11.09.2018_NR2_DNA_330	IK180330	Kbyt	KBT_11.09.2018_NR2
NBNo0331	lane1-s150-index-CTGCGTAG-GCTCTAGT-NBNo0331	2	E6	F21 & R6	G CTC TAG T	CTA CGC AG	NB_331	NB_331	KBT_11.09.2018_NB_DNA_331	JK180331	Kbyt	KBT_11.09.2018_NB
ARNo0323	lane1-s142-index-CGAGCGAC-CTGCGTGT-ARNo0323	2	D10	F4 & R8	C TGC GTG T	GTC GCT CG	AR_323	AR_323	KBT_11.09.2018_AR_DNA_323	BK180323	Kbyt	KBT_11.09.2018_AR
HPNo0322	lane1-s141-index-TAGTCTCC-CTAGAGCT-HPNo0322	2	D9	F20 & R7	C TAG AGC T	GGA GAC TA	HP1_322	HP1_322	KBT_11.09.2018_HP1_DNA_322	AK180322	Kbyt	KBT_11.09.2018_HP1
CBNo0324	lane1-s143-index-CGAGCGAC-TACGAGAC-CBNo0324	2	D11	F12 & R8	T ACG AGA C	GTC GCT CG	CB_324	CB_324	KBT_11.09.2018_CB_DNA_324	CK180324	Kbyt	KBT_11.09.2018_CB
R8No0325	lane1-s144-index-CGAGCGAC-CTAGAGCT-R8No0325	2	D12	F20 & R8	C TAG AGC T	GTC GCT CG	SR8_325	SR8_325	KBT_11.09.2018_SR8_DNA_325	DK180325	Kbyt	KBT_11.09.2018_SR8
SBNo0326	lane1-s145-index-TGAGTACG-TCATCGAG-SBNo0326	2	E1	F5 & R5	T CAT CGA G	CGT ACT CA	SB_326	SB_326	KBT_11.09.2018_SB_DNA_326	EK180326	Kbyt	KBT_11.09.2018_SB
R2Ja0359	lane1-s162-index-CTGCGTAG-GACACTGA-R2Ja0359	2	F6	F22 & R6	G ACA CTG A	CTA CGC AG	SR2_359	SR2_359	KBT_01.11.2019_SR2_DNA_359	FA190359	Kbyt	KBT_01.11.2019_SR2
STJa0360	lane1-s163-index-TAGTCTCC-CGTGAGTG-STJa0360	2	F7	F6 & R7	C GTG AGT G	GGA GAC TA	STO1_360	STO1_360	KBT_01.11.2019_STO1_DNA_360	GA190360	Kbyt	KBT_01.11.2019_STO1
NTJa0361	lane1-s164-index-TAGTCTCC-TCGACGAG-NTJa0361	2	F8	F14 & R7	T CGA CGA G	GGA GAC TA	NTO1_361	NTO1_361	KBT_01.11.2019_NTO1_DNA_361	HA190361	Kbyt	KBT_01.11.2019_NTO1
NRJa0362	lane1-s165-index-TAGTCTCC-GACACTGA-NRJa0362	2	F9	F22 & R7	G ACA CTG A	GGA GAC TA	NR2_362	NR2_362	KBT_01.11.2019_NR2_DNA_362	IA190362	Kbyt	KBT_01.11.2019_NR2
NBJa0363	lane1-s166-index-CGAGCGAC-CGTGAGTG-NBJa0363	2	F10	F6 & R8	C GTG AGT G	GTC GCT CG	NB_363	NB_363	KBT_01.11.2019_NB__363	JA190363	Kbyt	KBT_01.11.2019_NB
ARJa0355	lane1-s158-index-TGAGTACG-TCGACGAG-ARJa0355	2	F2	F14 & R5	T CGA CGA G	CGT ACT CA	AR_355	AR_355	KBT_01.11.2019_AR_DNA_355	BA190355	Kbyt	KBT_01.11.2019_AR
HPJa0354	lane1-s157-index-TGAGTACG-CGTGAGTG-HPJa0354	2	F1	F6 & R5	C GTG AGT G	CGT ACT CA	HP1_354	HP1_354	KBT_01.11.2019_HP1_DNA_354	AA190354	Kbyt	KBT_01.11.2019_HP1
CBJa0356	lane1-s159-index-TGAGTACG-GACACTGA-CBJa0356	2	F3	F22 & R5	G ACA CTG A	CGT ACT CA	CB_356	CB_356	KBT_01.11.2019_CB_DNA_356	CA190356	Kbyt	KBT_01.11.2019_CB
R8Ja0357	lane1-s160-index-CTGCGTAG-CGTGAGTG-R8Ja0357	2	F4	F6 & R6	C GTG AGT G	CTA CGC AG	SR8_357	SR8_357	KBT_01.11.2019_SR8_DNA_357	DA190357	Kbyt	KBT_01.11.2019_SR8
SBJa0358	lane1-s161-index-CTGCGTAG-TCGACGAG-SBJa0358	2	F5	F14 & R6	T CGA CGA G	CTA CGC AG	SB_358	SB_358	KBT_01.11.2019_SB_DNA_358	EA190358	Kbyt	KBT_01.11.2019_SB
R2Fe0391	lane1-s178-index-CGAGCGAC-GGATATCT-R2Fe0391	2	G10	F7 & R8	G GAT ATC T	GTC GCT CG	SR2_391	SR2_391	KBT_02.25.2019_SR2_DNA_391	FB190391	Kbyt	KBT_02.25.2019_SR2
STFe0392	lane1-s179-index-CGAGCGAC-GATCGTGT-STFe0392	2	G11	F15 & R8	G ATC GTG T	GTC GCT CG	STO1_392	STO1_392	KBT_02.25.2019_STO1_DNA_392	GB190392	Kbyt	KBT_02.25.2019_STO1
NTFe0393	lane1-s180-index-CGAGCGAC-TGCGTACG-NTFe0393	2	G12	F23 & R8	T GCG TAC G	GTC GCT CG	NTO1_393	NTO1_393	KBT_02.25.2019_NTO1_DNA_393	HB190393	Kbyt	KBT_02.25.2019_NTO1
NRFe0394	lane1-s181-index-TGAGTACG-GACACCGT-NRFe0394	2	H1	F8 & R5	G ACA CCG T	CGT ACT CA	NR2_394	NR2_394	KBT_02.25.2019_NR2_DNA_394	IB190394	Kbyt	KBT_02.25.2019_NR2
NBFe0395	lane1-s182-index-TGAGTACG-GTCAGATA-NBFe0395	2	H2	F16 & R5	G TCA GAT A	CGT ACT CA	NB_395	NB_395	KBT_02.25.2019_NB_DNA_395	JB190395	Kbyt	KBT_02.25.2019_NB
ARFe0387	lane1-s174-index-CTGCGTAG-TGCGTACG-ARFe0387	2	G6	F23 & R6	T GCG TAC G	CTA CGC AG	AR_387	AR_387	KBT_02.25.2019_AR_DNA_387	BB190387	Kbyt	KBT_02.25.2019_AR
HPFe0386	lane1-s173-index-CTGCGTAG-GATCGTGT-HPFe0386	2	G5	F15 & R6	G ATC GTG T	CTA CGC AG	HP1_386	HP1_386	KBT_02.25.2019_HP1_DNA_386	AB190386	Kbyt	KBT_02.25.2019_HP1
CBFe0388	lane1-s175-index-TAGTCTCC-GGATATCT-CBFe0388	2	G7	F7 & R7	G GAT ATC T	GGA GAC TA	CB_388	CB_388	KBT_02.25.2019_CB_DNA_388	CB190388	Kbyt	KBT_02.25.2019_CB
R8389_R2	lane1-s328-index-CGAAGTAT-CTGCGTGT-R8389-R2	4	D4	F4 & R14	C TGC GTG T	ATA CTT CG	DB190389	R8389_R2	KBT_02.25.2019_SR8_DNA_389	DB190389	Kbyt	KBT_02.25.2019_SR8
SBFe0390	lane1-s177-index-TAGTCTCC-TGCGTACG-SBFe0390	2	G9	F23 & R7	T GCG TAC G	GGA GAC TA	SB_390	SB_390	KBT_02.25.2019_SB_DNA_390	EB190390	Kbyt	KBT_02.25.2019_SB
R2Ma0423	lane1-s195-index-ACTACGAC-ACGACGTG-R2Ma0423	3	A3	F17 & R9	A CGA CGT G	GTC GTA GT	SR2_423	SR2_423	KBT_03.21.2019_SR2_DNA_423	FC190423	Kbyt	KBT_03.21.2019_SR2
STMa0449	lane1-s205-index-ACTACGAC-ACTATCTG-STMa0449	3	B1	F2 & R9	A CTA TCT G	GTC GTA GT	STO1_449	STO1_449	KBT_03.21.2019_STO1_DNA_R3_449	GC190449	Kbyt	KBT_03.21.2019_STO1
NTMa0425	lane1-s197-index-GTCTGCTA-CTACTATA-NTMa0425	3	A5	F9 & R10	C TAC TAT A	TAG CAG AC	NTO1_425	NTO1_425	KBT_03.21.2019_NTO1_DNA_425	HC190425	Kbyt	KBT_03.21.2019_NTO1
NRMa0426	lane1-s198-index-GTCTGCTA-ACGACGTG-NRMa0426	3	A6	F17 & R10	A CGA CGT G	TAG CAG AC	NR2_426	NR2_426	KBT_03.21.2019_NR2_DNA_426	IC190426	Kbyt	KBT_03.21.2019_NR2
NBMa0427	lane1-s199-index-GTCTATGA-ATCGTACG-NBMa0427	3	A7	F1 & R11	A TCG TAC G	TCA TAG AC	NB_427	NB_427	KBT_03.21.2019_NB_DNA_427	JC190427	Kbyt	KBT_03.21.2019_NB
AR419_R2	lane1-s329-index-CGAAGTAT-TACGAGAC-AR419-R2	4	D5	F12 & R14	T ACG AGA C	ATA CTT CG	BC190419	AR419_R2	KBT_03.21.2019_AR_DNA_419	BC190419	Kbyt	KBT_03.21.2019_AR
HPMa0418	lane1-s189-index-TAGTCTCC-TAGTGTAG-HPMa0418	2	H9	F24 & R7	T AGT GTA G	GGA GAC TA	HP1_418	HP1_418	KBT_03.21.2019_HP1_DNA_418	AC190418	Kbyt	KBT_03.21.2019_HP1
CBMa0420	lane1-s191-index-CGAGCGAC-GTCAGATA-CBMa0420	2	H11	F16 & R8	G TCA GAT A	GTC GCT CG	CB_420	CB_420	KBT_03.21.2019_CB_DNA_420	CC190420	Kbyt	KBT_03.21.2019_CB
R8Ma0421	lane1-s193-index-ACTACGAC-ATCGTACG-R8Ma0421	3	A1	F1 & R9	A TCG TAC G	GTC GTA GT	SR8_421	SR8_421	KBT_03.21.2019_SR8_DNA_421	DC190421	Kbyt	KBT_03.21.2019_SR8
SBMa0422	lane1-s194-index-ACTACGAC-CTACTATA-SBMa0422	3	A2	F9 & R9	C TAC TAT A	GTC GTA GT	SB_422	SB_422	KBT_03.21.2019_SB_DNA_422	EC190422	Kbyt	KBT_03.21.2019_SB
R2Ap0455	lane1-s211-index-GTCTATGA-ACTATCTG-R2Ap0455	3	B7	F2 & R11	A CTA TCT G	TCA TAG AC	SR2_455	SR2_455	KBT_04.22.2019_SR2_DNA_455	FD190455	Kbyt	KBT_04.22.2019_SR2
STAp0480	lane1-s220-index-GTCTGCTA-TAGCGAGT-STAp0480	3	C4	F3 & R10	T AGC GAG T	TAG CAG AC	STO1_480	STO1_480	KBT_04.22.2019_STO1_DNA_R2_480	GD190480	Kbyt	KBT_04.22.2019_STO1
NTAp0457	lane1-s213-index-GTCTATGA-ATATACAC-NTAp0457	3	B9	F18 & R11	A TAT ACA C	TCA TAG AC	NTO1_457	NTO1_457	KBT_04.22.2019_NTO1_DNA_457	HD190457	Kbyt	KBT_04.22.2019_NTO1
NRAp0458	lane1-s214-index-TATAGCGA-ACTATCTG-NRAp0458	3	B10	F2 & R12	A CTA TCT G	TCG CTA TA	NR2_458	NR2_458	KBT_04.22.2019_NR2_DNA_458	ID190458	Kbyt	KBT_04.22.2019_NR2
NBAp0459	lane1-s215-index-TATAGCGA-CGTTACTA-NBAp0459	3	B11	F10 & R12	C GTT ACT A	TCG CTA TA	NB_459	NB_459	KBT_04.22.2019_NB_DNA_459	JD190459	Kbyt	KBT_04.22.2019_NB
ARAp0451	lane1-s207-index-ACTACGAC-ATATACAC-ARAp0451	3	B3	F18 & R9	A TAT ACA C	GTC GTA GT	AR_451	AR_451	KBT_04.22.2019_AR_DNA_451	BD190451	Kbyt	KBT_04.22.2019_AR
HPAp0450	lane1-s206-index-ACTACGAC-CGTTACTA-HPAp0450	3	B2	F10 & R9	C GTT ACT A	GTC GTA GT	HP1_450	HP1_450	KBT_04.22.2019_HP1_DNA_450	AD190450	Kbyt	KBT_04.22.2019_HP1
CBAp0452	lane1-s208-index-GTCTGCTA-ACTATCTG-CBAp0452	3	B4	F2 & R10	A CTA TCT G	TAG CAG AC	CB_452	CB_452	KBT_04.22.2019_CB_DNA_452	CD190452	Kbyt	KBT_04.22.2019_CB
R8Ap0453	lane1-s209-index-GTCTGCTA-CGTTACTA-R8Ap0453	3	B5	F10 & R10	C GTT ACT A	TAG CAG AC	SR8_453	SR8_453	KBT_04.22.2019_SR8_DNA_453	DD190453	Kbyt	KBT_04.22.2019_SR8
SBAp0454	lane1-s210-index-GTCTGCTA-ATATACAC-SBAp0454	3	B6	F18 & R10	A TAT ACA C	TAG CAG AC	SB_454	SB_454	KBT_04.22.2019_SB_DNA_454	ED190454	Kbyt	KBT_04.22.2019_SB
R2My0482	lane1-s223-index-GTCTATGA-TAGCGAGT-R2My0482	3	C7	F3 & R11	T AGC GAG T	TCA TAG AC	SR2_482	SR2_482	KBT_05.21.2019_SR2_DNA_482	FE190482	Kbyt	KBT_05.21.2019_SR2
STMy0483	lane1-s224-index-GTCTATGA-AGAGTCAC-STMy0483	3	C8	F11 & R11	A GAG TCA C	TCA TAG AC	STO1_483	STO1_483	KBT_05.21.2019_STO1_DNA_483	GE190483	Kbyt	KBT_05.21.2019_STO1
NTMy0484	lane1-s225-index-GTCTATGA-CGTCGCTA-NTMy0484	3	C9	F19 & R11	C GTC GCT A	TCA TAG AC	NTO1_484	NTO1_484	KBT_05.21.2019_NTO1_DNA_484	HE190484	Kbyt	KBT_05.21.2019_NTO1
NRMy0485	lane1-s226-index-TATAGCGA-TAGCGAGT-NRMy0485	3	C10	F3 & R12	T AGC GAG T	TCG CTA TA	NR2_485	NR2_485	KBT_05.21.2019_NR2_DNA_485	IE190485	Kbyt	KBT_05.21.2019_NR2
NBMy0486	lane1-s227-index-TATAGCGA-AGAGTCAC-NBMy0486	3	C11	F11 & R12	A GAG TCA C	TCG CTA TA	NB_486	NB_486	KBT_05.21.2019_NB_DNA_486	JE190486	Kbyt	KBT_05.21.2019_NB
ARMy0488	lane1-s229-index-ACTACGAC-CTGCGTGT-ARMy0488	3	D1	F4 & R9	C TGC GTG T	GTC GTA GT	AR_488	AR_488	KBT_05.21.2019_AR_DNA_488	BE190488	Kbyt	KBT_05.21.2019_AR
CBMy0489	lane1-s230-index-ACTACGAC-TACGAGAC-CBMy0489	3	D2	F12 & R9	T ACG AGA C	GTC GTA GT	CB_489	CB_489	KBT_05.21.2019_CB_DNA_489	CE190489	Kbyt	KBT_05.21.2019_CB
R8My0490	lane1-s231-index-ACTACGAC-CTAGAGCT-R8My0490	3	D3	F20 & R9	C TAG AGC T	GTC GTA GT	SR8_490	SR8_490	KBT_05.21.2019_SR8_DNA_490	DE190490	Kbyt	KBT_05.21.2019_SR8
HPMy0487	lane1-s228-index-TATAGCGA-CGTCGCTA-HPMy0487	3	C12	F19 & R12	C GTC GCT A	TCG CTA TA	HP1_487	HP1_487	KBT_05.21.2019_HP1_DNA_487	AE190487	Kbyt	KBT_05.21.2019_HP1
SBMy0491	lane1-s232-index-GTCTGCTA-CTGCGTGT-SBMy0491	3	D4	F4 & R10	C TGC GTG T	TAG CAG AC	SB_491	SB_491	KBT_05.21.2019_SB_DNA_491	EE190491	Kbyt	KBT_05.21.2019_SB
R2Jn0502	lane1-s233-index-GTCTGCTA-TACGAGAC-R2Jn0502	3	D5	F12 & R10	T ACG AGA C	TAG CAG AC	SR2_502	SR2_502	KBT_06.14.2019_SR2_DNA_502	FF190502	Kbyt	KBT_6.14.2019_SR2
STJn0503	lane1-s234-index-GTCTGCTA-CTAGAGCT-STJn0503	3	D6	F20 & R10	C TAG AGC T	TAG CAG AC	STO1_503	STO1_503	KBT_06.14.2019_STO1_DNA_503	GF190503	Kbyt	KBT_6.14.2019_STO1
NTJn0504	lane1-s235-index-GTCTATGA-CTGCGTGT-NTJn0504	3	D7	F4 & R11	C TGC GTG T	TCA TAG AC	NTO1_504	NTO1_504	KBT_06.14.2019_NTO1_DNA_504	HF190504	Kbyt	KBT_6.14.2019_NTO1
NRJn0505	lane1-s236-index-GTCTATGA-TACGAGAC-NRJn0505	3	D8	F12 & R11	T ACG AGA C	TCA TAG AC	NR2_505	NR2_505	KBT_06.14.2019_NR2_DNA_505	IF190505	Kbyt	KBT_6.14.2019_NR2
NBJn0506	lane1-s237-index-GTCTATGA-CTAGAGCT-NBJn0506	3	D9	F20 & R11	C TAG AGC T	TCA TAG AC	NB_506	NB_506	KBT_06.14.2019_NB_DNA_506	JF190506	Kbyt	KBT_6.14.2019_NB
SBJn0511	lane1-s242-index-ACTACGAC-ACGTCTCG-SBJn0511	3	E2	F13 & R9	A CGT CTC G	GTC GTA GT	SB_511	SB_511	KBT_06.14.2019_SB_DNA_511	EF190511	Kbyt	KBT_6.14.2019_SB
HPJn0507	lane1-s238-index-TATAGCGA-CTGCGTGT-HPJn0507	3	D10	F4 & R12	C TGC GTG T	TCG CTA TA	HP1_507	HP1_507	KBT_06.14.2019_HP1_DNA_507	AF190507	Kbyt	KBT_6.14.2019_HP1
ARJn0508	lane1-s239-index-TATAGCGA-TACGAGAC-ARJn0508	3	D11	F12 & R12	T ACG AGA C	TCG CTA TA	AR_508	AR_508	KBT_06.14.2019_AR_DNA_508	BF190508	Kbyt	KBT_6.14.2019_AR
CBJn0509	lane1-s240-index-TATAGCGA-CTAGAGCT-CBJn0509	3	D12	F20 & R12	C TAG AGC T	TCG CTA TA	CB_509	CB_509	KBT_06.14.2019_CB_DNA_509	CF190509	Kbyt	KBT_6.14.2019_CB
R8Jn0510	lane1-s241-index-ACTACGAC-TCATCGAG-R8Jn0510	3	E1	F5 & R9	T CAT CGA G	GTC GTA GT	SR8_510	SR8_510	KBT_06.14.2019_SR8_DNA_510	DF190510	Kbyt	KBT_6.14.2019_SR8